date,speaker,party,sentence
2004-09-30,KERRY,Dem,"Yes, I do."
2004-09-30,KERRY,Dem,"But before I answer further, let me thank you for moderating."
2004-09-30,KERRY,Dem,I want to thank the University of Miami for hosting us.
2004-09-30,KERRY,Dem,And I know the President will join me in welcoming all of Florida to this debate.
2004-09-30,KERRY,Dem,You've been through the roughest weeks anybody could imagine.
2004-09-30,KERRY,Dem,"Our hearts go out to you, and we admire your pluck and perseverance."
2004-09-30,KERRY,Dem,I can make America safer than President Bush has made us.
2004-09-30,KERRY,Dem,"And I believe President Bush and I both love our country equally, but we just have a different set of convictions about how you make America safe."
2004-09-30,KERRY,Dem,I believe America is safest and strongest when we are leading the world and when we are leading strong alliances.
2004-09-30,KERRY,Dem,"I'll never give a veto to any country over our security, but I also know how to lead those alliances."
2004-09-30,KERRY,Dem,"This President has left them in shatters across the globe, and we're now 90 percent of the casualties in Iraq and 90 percent of the costs."
2004-09-30,KERRY,Dem,"I think that's wrong, and I think we can do better."
2004-09-30,KERRY,Dem,I have a better plan for homeland security.
2004-09-30,KERRY,Dem,"I have a better plan to be able to fight the war on terror: by strengthening our military; strengthening our intelligence; by going after the financing more authoritatively; by doing what we need to do to rebuild the alliances; by reaching out to the Muslim world, which the President has almost not done; and beginning to isolate the radical Islamic Muslims, not have them isolate the United States of America."
2004-09-30,KERRY,Dem,"I know I can do a better job in Iraq, where I have a plan to have a summit with all of the allies, something this President has not yet achieved, not yet been able to do to bring people to the table."
2004-09-30,KERRY,Dem,We can do a better job of training the Iraqi forces to defend themselves.
2004-09-30,KERRY,Dem,And I know that we can do a better job of preparing for elections.
2004-09-30,KERRY,Dem,"All of these, and especially homeland security, which we'll talk about a little bit later."
2004-09-30,BUSH,Rep,I too thank the University of Miami and say our prayers are with the good people of this State who've suffered a lot.
2004-09-30,BUSH,Rep,September the 11th changed how America must look at the world.
2004-09-30,BUSH,Rep,"And since that day, our Nation has been on a multipronged strategy to keep our country safer."
2004-09-30,BUSH,Rep,We've pursued Al Qaida wherever Al Qaida tries to hide; 75 percent of known Al Qaida leaders have been brought to justice.
2004-09-30,BUSH,Rep,The rest of them know we're after them.
2004-09-30,BUSH,Rep,"We've upheld the doctrine that said, ""If you harbor a terrorist, you're equally as guilty as the terrorist."" And the Taliban, no longer in power; 10 million people have registered to vote in Afghanistan in the upcoming Presidential election."
2004-09-30,BUSH,Rep,"In Iraq, we saw a threat, and we realized that after September the 11th, we must take threats seriously before they fully materialize."
2004-09-30,BUSH,Rep,Saddam Hussein now sits in a prison cell.
2004-09-30,BUSH,Rep,America and the world are safer for it.
2004-09-30,BUSH,Rep,We continue to pursue our policy of disrupting those who proliferate weapons of mass destruction.
2004-09-30,BUSH,Rep,Libya has disarmed.
2004-09-30,BUSH,Rep,The A.Q.
2004-09-30,BUSH,Rep,Khan network has been brought to justice.
2004-09-30,BUSH,Rep,"And as well, we're pursuing a strategy of—of freedom around the world, because I understand free nations will reject terror; free nations will answer the hopes and aspirations of their people; free nations will help us achieve the peace we all want."
2004-09-30,BUSH,Rep,"No, I don't believe it's going to happen."
2004-09-30,BUSH,Rep,I believe I'm going to win because the American people know I know how to lead.
2004-09-30,BUSH,Rep,I've shown the American people I know how to lead.
2004-09-30,BUSH,Rep,"I have—I understand everybody in this country doesn't agree with the decisions that I've made, and I made some tough decisions."
2004-09-30,BUSH,Rep,But people know where I stand.
2004-09-30,BUSH,Rep,"People out there listening know what I believe, and that's how best it is to keep the peace."
2004-09-30,BUSH,Rep,"This Nation of ours has got a solemn duty to defeat this ideology of hate, and that's what they are."
2004-09-30,BUSH,Rep,"This is a group of killers who will not only kill here but kill children in Russia, that will attack unmercifully in Iraq hoping to shake our will."
2004-09-30,BUSH,Rep,We have a duty to defeat this enemy.
2004-09-30,BUSH,Rep,We have a duty to protect our children and grandchildren.
2004-09-30,BUSH,Rep,"The best way to defeat them is to never waver, to be strong, to use every asset at our disposal, is to constantly stay on the offensive, and at the same time, spread liberty."
2004-09-30,BUSH,Rep,And that's what people are seeing now is happening in Afghanistan.
2004-09-30,BUSH,Rep,Ten million citizens have registered to vote.
2004-09-30,BUSH,Rep,"It's a phenomenal statistic, that if given a chance to be free, they will show up at the polls."
2004-09-30,BUSH,Rep,Forty-one percent of those 10 million are women.
2004-09-30,BUSH,Rep,"In Iraq, no doubt about it, it's tough."
2004-09-30,BUSH,Rep,It's hard work.
2004-09-30,BUSH,Rep,It's incredibly hard.
2004-09-30,BUSH,Rep,You know why?
2004-09-30,BUSH,Rep,Because an enemy realizes the stakes.
2004-09-30,BUSH,Rep,The enemy understands a free Iraq will be a major defeat in their ideology of hatred.
2004-09-30,BUSH,Rep,That's why they're fighting so vociferously.
2004-09-30,BUSH,Rep,"They showed up in Afghanistan when they were there because they tried to beat us, and they didn't."
2004-09-30,BUSH,Rep,And they're showing up in Iraq for the same reason.
2004-09-30,BUSH,Rep,They're trying to defeat us.
2004-09-30,BUSH,Rep,"And if we lose our will, we lose."
2004-09-30,BUSH,Rep,"But if we remain strong and resolute, we will defeat this enemy."
2004-09-30,KERRY,Dem,"I believe in being strong and resolute and determined, and I will hunt down and kill the terrorists, wherever they are."
2004-09-30,KERRY,Dem,"But we also have to be smart, Jim, and smart means not diverting your attention from the real war on terror in Afghanistan against Usama bin Laden and taking it off to Iraq, where the 9/11 Commission confirms there was no connection to 9/11 itself and Saddam Hussein, and where the reason for going to war was weapons of mass destruction, not the removal of Saddam Hussein."
2004-09-30,KERRY,Dem,"This President has made, I regret to say, a colossal error of judgment."
2004-09-30,KERRY,Dem,And judgment is what we look for in the President of the United States of America.
2004-09-30,KERRY,Dem,"I'm proud that important military figures are supporting me in this race: former Chairman of Joint Chiefs of Staff John Shalikashvili; just yesterday General Eisenhower's son, General John Eisenhower, endorsed me; General—Admiral William Crowe; General Tony McPeak, who ran the Air Force war so effectively for his father."
2004-09-30,KERRY,Dem,All believe I would make a stronger Commander in Chief.
2004-09-30,KERRY,Dem,"And they believe it because they know I would not take my eye off of the goal, Usama bin Laden."
2004-09-30,KERRY,Dem,"Unfortunately, he escaped in the mountains of Tora Bora."
2004-09-30,KERRY,Dem,We had him surrounded.
2004-09-30,KERRY,Dem,"But we didn't use American forces, the best trained in the world, to go kill him."
2004-09-30,KERRY,Dem,The President relied on Afghan warlords that he outsourced that job to.
2004-09-30,KERRY,Dem,That's wrong.
2004-09-30,KERRY,Dem,"Well, where do you want me to begin?"
2004-09-30,KERRY,Dem,"First of all, he made the misjudgment of saying to America that he was going to build a true alliance, that he would exhaust the remedies of the United Nations and go through the inspections."
2004-09-30,KERRY,Dem,"In fact, he first didn't even want to do that, and it wasn't until former Secretary of State Jim Baker and General Scowcroft and others pushed publicly and said, ""You've got to go to the U.N.,"" that the President finally changed his mind— his campaign has a word for that—and went to the United Nations."
2004-09-30,KERRY,Dem,"Now, once there, we could have continued those inspections."
2004-09-30,KERRY,Dem,We had Saddam Hussein trapped.
2004-09-30,KERRY,Dem,He also promised America that he would go to war as a last resort.
2004-09-30,KERRY,Dem,"Those words mean something to me, as somebody who has been in combat, ""last resort."" You've got to be able to look in the eyes of families and say to those parents, ""I tried to do everything in my power to prevent the loss of your son and daughter."" I don't believe the United States did that, and we pushed our allies aside."
2004-09-30,KERRY,Dem,"And so today, we are 90 percent of the casualties and 90 percent of the cost, $200 billion—$200 billion that could have been used for health care, for schools, for construction, for prescription drugs for seniors, and it's in Iraq."
2004-09-30,KERRY,Dem,And Iraq is not even the center of the focus of the war on terror.
2004-09-30,KERRY,Dem,"The center is Afghanistan where, incidentally, there were more Americans killed last year than the year before, where the opium production is 75 percent of the world's opium production, where 40 to 60 percent of the economy of Afghanistan is based on opium, where the elections have been postponed 3 times."
2004-09-30,KERRY,Dem,"The President moved the troops, so he's got 10 times the number of troops in Iraq than he has in Afghanistan, where Usama bin Laden is."
2004-09-30,KERRY,Dem,Does that mean that Saddam Hussein was 10 times more important than Usama bin Laden— excuse me—Saddam Hussein more important than Usama bin Laden?
2004-09-30,KERRY,Dem,I don't think so.
2004-09-30,BUSH,Rep,"My opponent looked at the same intelligence I looked at and declared, in 2002, that Saddam Hussein was a grave threat."
2004-09-30,BUSH,Rep,"He also said, in December of 2003, that anyone who doubts that the world is safer without Saddam Hussein does not have the judgment to be President."
2004-09-30,BUSH,Rep,I agree with him.
2004-09-30,BUSH,Rep,The world is better off without Saddam Hussein.
2004-09-30,BUSH,Rep,I was hoping diplomacy would work.
2004-09-30,BUSH,Rep,I understand the serious consequences of committing our troops into harm's way.
2004-09-30,BUSH,Rep,It's the hardest decision a President makes.
2004-09-30,BUSH,Rep,So I went to the United Nations.
2004-09-30,BUSH,Rep,I didn't need anybody to tell me to go to the United Nations; I decided to go there myself.
2004-09-30,BUSH,Rep,"And I went there hoping that, once and for all, the free world would act in concert to get Saddam Hussein to listen to our demands."
2004-09-30,BUSH,Rep,"And they passed a resolution that said, ""Disclose, disarm, or face serious consequences."" I believe when an international body speaks, it must mean what it says."
2004-09-30,BUSH,Rep,But Saddam Hussein had no intention of disarming.
2004-09-30,BUSH,Rep,Why should he?
2004-09-30,BUSH,Rep,"He had 16 other resolutions, and nothing took place."
2004-09-30,BUSH,Rep,As a matter of fact—my opponent talks about inspectors—the facts are that he was systematically deceiving the inspectors.
2004-09-30,BUSH,Rep,That wasn't going to work.
2004-09-30,BUSH,Rep,"That's kind of a pre-September-10th mentality, to hope that somehow resolutions and failed inspections would make this world a more peaceful place."
2004-09-30,BUSH,Rep,He was hoping we'd turn away.
2004-09-30,BUSH,Rep,"But there was, fortunately, others beside myself who believed that we ought to take action, and we did."
2004-09-30,BUSH,Rep,The world is safer without Saddam Hussein.
2004-09-30,BUSH,Rep,"Jim, we've got the capability of doing both."
2004-09-30,BUSH,Rep,"As a matter of fact, this is a global effort."
2004-09-30,BUSH,Rep,"We're facing a— a group of folks who have such hatred in their heart, they'll strike anywhere with any means."
2004-09-30,BUSH,Rep,"And that's why it's essential that we have strong alliances, and we do."
2004-09-30,BUSH,Rep,"That's why it's essential that we make sure that we keep weapons of mass destruction out of the hands of people like Al Qaida, which we are."
2004-09-30,BUSH,Rep,But to say that there's only one focus on the war on terror doesn't really understand the nature of the war on terror.
2004-09-30,BUSH,Rep,"Of course we're after Saddam Hussein— I mean, bin Laden."
2004-09-30,BUSH,Rep,He's—he's isolated.
2004-09-30,BUSH,Rep,Seventy-five percent of his people have been brought to justice.
2004-09-30,BUSH,Rep,"The killer in—the mastermind of the September the 11th attacks, Khalid Sheik Mohammad, is in prison."
2004-09-30,BUSH,Rep,"We're making progress, but the front on this war is more than just one place."
2004-09-30,BUSH,Rep,The Philippines—we've got help—we're helping them there to bring—to bring Al Qaida affiliates to justice there.
2004-09-30,BUSH,Rep,And of course Iraq is a central part of the war on terror.
2004-09-30,BUSH,Rep,That's why Zarqawi and his people are trying to fight us.
2004-09-30,BUSH,Rep,Their hope is that we grow weary and we leave.
2004-09-30,BUSH,Rep,The biggest disaster that could happen is that we not succeed in Iraq.
2004-09-30,BUSH,Rep,We will succeed.
2004-09-30,BUSH,Rep,"We've got a plan to do so, and the main reason we'll succeed is because the Iraqis want to be free."
2004-09-30,BUSH,Rep,I had the honor of visiting with Prime Minister Allawi.
2004-09-30,BUSH,Rep,"He's a strong, courageous leader."
2004-09-30,BUSH,Rep,He believes in the freedom of the Iraqi people.
2004-09-30,BUSH,Rep,He doesn't want U.S.
2004-09-30,BUSH,Rep,"leadership, however, to send mixed signals, to not stand with the Iraqi people."
2004-09-30,BUSH,Rep,"He believes, like I believe, that the Iraqis are ready to fight for their own freedom."
2004-09-30,BUSH,Rep,They just need the help to be trained.
2004-09-30,BUSH,Rep,There will be elections in January.
2004-09-30,BUSH,Rep,We're spending reconstruction money.
2004-09-30,BUSH,Rep,And our alliance is strong.
2004-09-30,BUSH,Rep,That's the plan for victory.
2004-09-30,BUSH,Rep,"And when Iraq is free, America will be more secure."
2004-09-30,KERRY,Dem,The President just talked about Iraq as a center of the war on terror.
2004-09-30,KERRY,Dem,Iraq was not even close to the center of the war on terror before the President invaded it.
2004-09-30,KERRY,Dem,"The President made the judgment to divert forces from under General Tommy Franks from Afghanistan before the Congress even approved it, to begin to prepare to go to war in Iraq."
2004-09-30,KERRY,Dem,And he rushed to war in Iraq without a plan to win the peace.
2004-09-30,KERRY,Dem,"Now, that is not the judgment that a President of the United States ought to make."
2004-09-30,KERRY,Dem,You don't take America to war unless you have a plan to win the peace.
2004-09-30,KERRY,Dem,You don't send troops to war without the body armor that they need.
2004-09-30,KERRY,Dem,"I've met kids in Ohio, parents in Wisconsin, places—Iowa, where they're going out on the Internet to get the state-of-the-art body gear to send to their kids—some of them have got them for a birthday present."
2004-09-30,KERRY,Dem,I think that's wrong.
2004-09-30,KERRY,Dem,"Humvees—10,000 out of 12,000 Humvees that are over there aren't armored."
2004-09-30,KERRY,Dem,And you go visit some of those kids in the hospitals today who were maimed because they don't have the armament.
2004-09-30,KERRY,Dem,"This President just—I don't know if he sees what's really happening out there, but it's getting worse by the day—more soldiers killed in June than before, more in July than June, more in August than July, more in September than in August."
2004-09-30,KERRY,Dem,"And now we see beheadings, and we've got weapons of mass destruction crossing the border every single day, and they're blowing people up."
2004-09-30,KERRY,Dem,And we don't have enough troops there.
2004-09-30,BUSH,Rep,Can I respond?
2004-09-30,BUSH,Rep,"Thank you, sir."
2004-09-30,BUSH,Rep,"First of all, what my opponent wants you to forget is that he voted to authorize the use of force and now says, ""It's the wrong war at the wrong time at the wrong place."" I don't see how you can lead this country to succeed in Iraq if you say ""wrong war, wrong time, wrong place."" What message does that send our troops?"
2004-09-30,BUSH,Rep,What message does that send our allies?
2004-09-30,BUSH,Rep,What message does that send the Iraqis?
2004-09-30,BUSH,Rep,"No, the way to win this is to be steadfast and resolved and to follow through on the plan that I've just outlined."
2004-09-30,KERRY,Dem,"Yes, we have to be steadfast and resolved, and I am."
2004-09-30,KERRY,Dem,"And I will succeed for those troops, now that we're there."
2004-09-30,KERRY,Dem,We have to succeed.
2004-09-30,KERRY,Dem,We can't leave a failed Iraq.
2004-09-30,KERRY,Dem,But that doesn't mean it wasn't a mistake of judgment to go there and take the focus off of Usama bin Laden.
2004-09-30,KERRY,Dem,It was.
2004-09-30,KERRY,Dem,"Now, we can succeed, but I don't believe this President can."
2004-09-30,KERRY,Dem,I think we need a President who has the credibility to bring the allies back to the table and to do what's necessary to make it so America isn't doing this alone.
2004-09-30,KERRY,Dem,"Jim, let me tell you exactly what I'll do, and there are a long list of things."
2004-09-30,KERRY,Dem,"First of all, what kind of mixed message does it send when you've got $500 million going over to Iraq to put police officers in the streets of Iraq and the President is cutting the COPS program in America?"
2004-09-30,KERRY,Dem,"What kind of message does it send to be sending money to open firehouses in Iraq, but we're shutting firehouses, who are the first-responders, here in America?"
2004-09-30,KERRY,Dem,The President hasn't put one nickel— not one nickel—into the effort to fix some of our tunnels and bridges and most exposed subway systems.
2004-09-30,KERRY,Dem,That's why they had to close down the subway in New York when the Republican Convention was there.
2004-09-30,KERRY,Dem,We hadn't done the work that ought to be done.
2004-09-30,KERRY,Dem,"The President—95 percent of the containers that come into the ports, right here in Florida, are not inspected."
2004-09-30,KERRY,Dem,"Civilians get onto aircraft, and their—their luggage is X-rayed, but the cargo hold is not X-rayed."
2004-09-30,KERRY,Dem,Does that make you feel safer in America?
2004-09-30,KERRY,Dem,This President thought it was more important to give the wealthiest people in America a tax cut rather than invest in homeland security.
2004-09-30,KERRY,Dem,Those aren't my values.
2004-09-30,KERRY,Dem,I believe in protecting America first.
2004-09-30,KERRY,Dem,"And long before President Bush and I get a tax cut—and that's who gets it—long before we do, I'm going to invest in homeland security, and I'm going to make sure we're not cutting COPS programs in America, and we're fully staffed at our firehouses and that we protect the nuclear and chemical plants."
2004-09-30,KERRY,Dem,"The President also, unfortunately, gave in to the chemical industry, which didn't want to do some of the things necessary to strengthen our chemical plant exposure."
2004-09-30,KERRY,Dem,And there's an enormous undone job to protect the loose nuclear materials in the world that are able to get to terrorists.
2004-09-30,KERRY,Dem,"That's a whole other subject, but—I see we still have a little bit more time."
2004-09-30,KERRY,Dem,"Let me just quickly say, at the current pace the President will not secure the loose material in the Soviet Union—former Soviet Union for 13 years."
2004-09-30,KERRY,Dem,I'm going to do it in 4 years.
2004-09-30,KERRY,Dem,And we're going to keep it out of the hands of terrorists.
2004-09-30,BUSH,Rep,I don't think we want to get to how he's going to pay for all these promises.
2004-09-30,BUSH,Rep,"It's like a huge tax gap and—anyway, that's for another debate."
2004-09-30,BUSH,Rep,"My administration has tripled the amount of money we're spending on homeland security, to $30 billion a year."
2004-09-30,BUSH,Rep,My administration worked with the Congress to create the Department of Homeland Security so we could better coordinate our borders and ports.
2004-09-30,BUSH,Rep,"We've got 1,000 extra Border Patrol on the southern border, more than 1,000 on the northern border."
2004-09-30,BUSH,Rep,We're modernizing our borders.
2004-09-30,BUSH,Rep,We've spent $3.1 billion for fire and police—$3.1 billion.
2004-09-30,BUSH,Rep,We're doing our duty to provide the funding.
2004-09-30,BUSH,Rep,But the best way to protect this homeland is to stay on the offense.
2004-09-30,BUSH,Rep,"We have to be right 100 percent of the time, and the enemy only has to be right once to hurt us."
2004-09-30,BUSH,Rep,There's a lot of good people working hard.
2004-09-30,BUSH,Rep,"And by the way, we've also changed the culture of the FBI to have counterterrorism as its number one priority."
2004-09-30,BUSH,Rep,We're communicating better.
2004-09-30,BUSH,Rep,We're going to reform our intelligence services to make sure that we get the best intelligence possible.
2004-09-30,BUSH,Rep,The PATRIOT Act is vital.
2004-09-30,BUSH,Rep,"It's vital that the Congress renew the PATRIOT Act, which enables our law enforcement to disrupt terrorist cells."
2004-09-30,BUSH,Rep,"But again, I repeat to my fellow citizens, the best way to protect you is to stay on the offense."
2004-09-30,KERRY,Dem,The President just said the FBI had changed its culture.
2004-09-30,KERRY,Dem,"We just read on the front pages of America's papers that there are over 100,000 hours of tapes unlistened to."
2004-09-30,KERRY,Dem,On one of those tapes may be the enemy being right the next time.
2004-09-30,KERRY,Dem,And the test is not whether you're spending more money.
2004-09-30,KERRY,Dem,"The test is, are you doing everything possible to make America safe?"
2004-09-30,KERRY,Dem,We didn't need that tax cut.
2004-09-30,KERRY,Dem,America needed to be safe.
2004-09-30,BUSH,Rep,Of course we're doing everything we can to protect America.
2004-09-30,BUSH,Rep,I wake up every day thinking about how best to protect America.
2004-09-30,BUSH,Rep,That's my job.
2004-09-30,BUSH,Rep,I work with Director Mueller of the FBI.
2004-09-30,BUSH,Rep,"He comes into my office, when I'm in Washington, every morning talking about how to protect us."
2004-09-30,BUSH,Rep,There's a lot of really good people working hard to do so.
2004-09-30,BUSH,Rep,It's hard work.
2004-09-30,BUSH,Rep,"But again, I want to tell the American people, we're doing everything we can at home, but you better have a President who chases these terrorists down and bring them to justice before they hurt us again."
2004-09-30,BUSH,Rep,Let me first tell you that the best way for Iraq to be safe and secure is for Iraqi citizens to be trained to do the job.
2004-09-30,BUSH,Rep,And that's what we're doing.
2004-09-30,BUSH,Rep,"We got 100,000 trained now, 125,000 by the end of this year, over 200,000 by the end of next year."
2004-09-30,BUSH,Rep,That is the best way.
2004-09-30,BUSH,Rep,We'll never succeed in Iraq if the Iraqi citizens do not want to take matters into their own hands and protect themselves.
2004-09-30,BUSH,Rep,I believe they want to.
2004-09-30,BUSH,Rep,Prime Minister Allawi believes they want to.
2004-09-30,BUSH,Rep,"And so the best indication about when we can bring our troops home—which I really want to do, but I don't want to do so for the sake of bringing them home; I want to do so because we've achieved an objective—is to see the Iraqis perform, is to see the Iraqis step up and take responsibility."
2004-09-30,BUSH,Rep,"And so the answer to your question is, when our generals on the ground and Ambassador Negroponte tells me that Iraq is ready to defend herself from these terrorists, that elections will have been held by then, that there's stability, and that they're on their way to—you know, a nation of— that's free."
2004-09-30,BUSH,Rep,That's when.
2004-09-30,BUSH,Rep,And I hope it's as soon as possible.
2004-09-30,BUSH,Rep,But I know putting artificial deadlines won't work.
2004-09-30,BUSH,Rep,"My opponent one time said, ""Well, get me elected, I'll have them out of there in 6 months."" That's—you can't do that and expect to win the war on terror."
2004-09-30,BUSH,Rep,"My message to our troops is: Thank you for what you're doing; we're standing with you strong; we'll give you all the equipment you need; and we'll get you home as soon as the mission's done, because this is a vital mission."
2004-09-30,BUSH,Rep,"A free Iraq will be a ally in the war on terror, and that's essential."
2004-09-30,BUSH,Rep,A free Iraq will set a powerful example in the part of the world that is desperate for freedom.
2004-09-30,BUSH,Rep,A free Iraq will help secure Israel.
2004-09-30,BUSH,Rep,A free Iraq will enforce the hopes and aspirations of the reformers in places like Iran.
2004-09-30,BUSH,Rep,A free Iraq is essential for the security of this country.
2004-09-30,KERRY,Dem,"Thank you, Jim."
2004-09-30,KERRY,Dem,"My message to the troops is also ""Thank you"" for what they're doing, but it's also, ""Help is on the way."" I believe those troops deserve better than what they are getting today."
2004-09-30,KERRY,Dem,"You know, it's interesting, when I was in the ropeline just the other day coming out here from Wisconsin, a couple of young returnees were in the line, one active duty, one from the Guard."
2004-09-30,KERRY,Dem,"And they both looked at me and said, ""We need you."
2004-09-30,KERRY,Dem,"You've got to help us over there."" Now, I believe there's a better way to do this."
2004-09-30,KERRY,Dem,"You know, the President's father did not go into Iraq—into Baghdad, beyond Basra."
2004-09-30,KERRY,Dem,"And the reason he didn't is, he said—he wrote in his book, because there was no viable exit strategy."
2004-09-30,KERRY,Dem,And he said our troops would be occupiers in a bitterly hostile land.
2004-09-30,KERRY,Dem,That's exactly where we find ourselves today.
2004-09-30,KERRY,Dem,There's a sense of American occupation.
2004-09-30,KERRY,Dem,The only building that was guarded when the troops went into Baghdad was the oil ministry.
2004-09-30,KERRY,Dem,We didn't guard the nuclear facilities.
2004-09-30,KERRY,Dem,"We didn't guard the foreign office, where you might have found information about weapons of mass destruction."
2004-09-30,KERRY,Dem,We didn't guard the borders.
2004-09-30,KERRY,Dem,"Almost every step of the way, our troops have been left on these extraordinarily difficult missions."
2004-09-30,KERRY,Dem,I know what it's like to go out on one of those missions where you don't know what's around the corner.
2004-09-30,KERRY,Dem,And I believe our troops need other allies helping.
2004-09-30,KERRY,Dem,I'm going to hold that summit.
2004-09-30,KERRY,Dem,"I will bring fresh credibility, a new start, and we will get the job done right."
2004-09-30,BUSH,Rep,Jim——
2004-09-30,BUSH,Rep,I think it's worthy for a followup——
2004-09-30,BUSH,Rep,——if you don't mind.
2004-09-30,KERRY,Dem,Let's change the rules.
2004-09-30,KERRY,Dem,We can add a whole— .
2004-09-30,BUSH,Rep,All right.
2004-09-30,BUSH,Rep,"My opponent says, ""Help is on the way,"" but what kind of message does it say to our troops in harm's way, ""wrong war, wrong place, wrong time""?"
2004-09-30,BUSH,Rep,"That's not a message a Commander in Chief gives—or ""This is a great diversion."" As well, help is on the way, but it's certainly hard to tell it when he voted against the $87 billion supplemental to provide equipment for our troops and then said he actually did vote for it before he voted against it."
2004-09-30,BUSH,Rep,That's not what Commander in Chiefs does when you're trying to lead troops.
2004-09-30,KERRY,Dem,"Well, you know, when I talked about the $87 billion, I made a mistake in how I talk about the war."
2004-09-30,KERRY,Dem,But the President made a mistake in invading Iraq.
2004-09-30,KERRY,Dem,Which is worse?
2004-09-30,KERRY,Dem,"I believe that when you know something's going wrong, you make it right."
2004-09-30,KERRY,Dem,That's what I learned in Vietnam.
2004-09-30,KERRY,Dem,"When I came back from that war, I saw that it was wrong."
2004-09-30,KERRY,Dem,"Some people don't like the fact that I stood up to say no, but I did."
2004-09-30,KERRY,Dem,And that's what I did with that vote.
2004-09-30,KERRY,Dem,And I'm going to lead those troops to victory.
2004-09-30,KERRY,Dem,"No, and they don't have to, providing we have the leadership that we put—that I'm offering."
2004-09-30,KERRY,Dem,I believe that we have to win this.
2004-09-30,KERRY,Dem,The President and I have always agreed on that.
2004-09-30,KERRY,Dem,"And from the beginning, I did vote to give the authority because I thought Saddam Hussein was a threat."
2004-09-30,KERRY,Dem,And I did accept that—that intelligence.
2004-09-30,KERRY,Dem,"But I also laid out a very strict series of things we needed to do in order to proceed from the position of strength, and the President, in fact, promised them."
2004-09-30,KERRY,Dem,"He went to Cincinnati, and he gave a speech in which he said, ""We will plan carefully."
2004-09-30,KERRY,Dem,We will proceed cautiously.
2004-09-30,KERRY,Dem,We will not make war inevitable.
2004-09-30,KERRY,Dem,"We will go with our allies."" He didn't do any of those things."
2004-09-30,KERRY,Dem,They didn't do the planning.
2004-09-30,KERRY,Dem,They left the planning of the State Department on the State Department desks.
2004-09-30,KERRY,Dem,They avoided even the advice of their own general.
2004-09-30,KERRY,Dem,"General Shinseki, the Army Chief of Staff, said, ""You're going to need several hundred thousand troops."" Instead of listening to him, they retired him."
2004-09-30,KERRY,Dem,"The terrorism czar, who has worked for every President since Ronald Reagan, said, ""Invading Iraq in response to 9/11 would be like Franklin Roosevelt invading Mexico in response to Pearl Harbor."" That's what we have here."
2004-09-30,KERRY,Dem,And what we need now is a President who understands how to bring these other countries together to recognize their stakes in this.
2004-09-30,KERRY,Dem,They do have stakes in it.
2004-09-30,KERRY,Dem,They've always had stakes in it.
2004-09-30,KERRY,Dem,The Arab countries have a stake in not having a civil war.
2004-09-30,KERRY,Dem,The European countries have a stake in not having total disorder on their doorstep.
2004-09-30,KERRY,Dem,But this President hasn't even held the kind of statesmanlike summits that pull people together and get them to invest in those stakes.
2004-09-30,KERRY,Dem,"In fact, he's done the opposite; he pushed them away."
2004-09-30,KERRY,Dem,"When the Secretary-General, Kofi Annan, offered the United Nations, he said, ""No, no, we'll go do this alone."" To save for Halliburton the spoils of the war, they actually issued a memorandum from the Defense Department saying, ""If you weren't with us in the war, don't bother applying for any construction."" That's not a way to invite people."
2004-09-30,BUSH,Rep,That's totally absurd.
2004-09-30,BUSH,Rep,Of course the U.N.
2004-09-30,BUSH,Rep,"was invited in, and we support the U.N."
2004-09-30,BUSH,Rep,efforts there.
2004-09-30,BUSH,Rep,"They pulled out after Sergio de Mello got killed, but they're now back in, helping with elections."
2004-09-30,BUSH,Rep,My opponent says we didn't have any allies in this war?
2004-09-30,BUSH,Rep,What's he say to Tony Blair?
2004-09-30,BUSH,Rep,What's he say to Aleksander Kwasniewski of Poland?
2004-09-30,BUSH,Rep,"I mean, you can't expect to build an alliance when you denigrate the contributions of those who are serving side by side with American troops in Iraq."
2004-09-30,BUSH,Rep,"Plus, he says the cornerstone of his plan to succeed in Iraq is to call upon nations to serve."
2004-09-30,BUSH,Rep,So what's the message going to be?
2004-09-30,BUSH,Rep,"""Please join us in Iraq for a grand diversion""?"
2004-09-30,BUSH,Rep,"""Join us for a war that is a wrong war at the wrong place at the wrong time""?"
2004-09-30,BUSH,Rep,I know how these people think.
2004-09-30,BUSH,Rep,I deal with them all the time.
2004-09-30,BUSH,Rep,I sit down with the world leaders frequently and talk to them on the phone frequently.
2004-09-30,BUSH,Rep,"They're not going to follow somebody who says this is ""the wrong war at the wrong place at the wrong time."" They're not going to follow somebody whose core convictions keep changing because of politics in America."
2004-09-30,BUSH,Rep,"And finally, he says we ought to have a summit."
2004-09-30,BUSH,Rep,"Well, there are summits being held."
2004-09-30,BUSH,Rep,Japan is going to have a summit for the donors.
2004-09-30,BUSH,Rep,"There's $14 billion pledged, and Prime Minister Koizumi is going to call countries to account to get them to contribute."
2004-09-30,BUSH,Rep,"And there's going to be an Arab summit of the neighborhood countries, and Colin Powell helped set up that summit."
2004-09-30,KERRY,Dem,The United Nations' Kofi Annan offered help after Baghdad fell.
2004-09-30,KERRY,Dem,And we never picked him up on that and did what was necessary to transfer authority and to transfer reconstruction.
2004-09-30,KERRY,Dem,It was always American-run.
2004-09-30,KERRY,Dem,"Secondly, when we went in, there were three countries, Great Britain, Australia, and the United States."
2004-09-30,KERRY,Dem,That's not a grand coalition.
2004-09-30,KERRY,Dem,We can do better.
2004-09-30,BUSH,Rep,"Well, actually, he forgot Poland."
2004-09-30,BUSH,Rep,"And now, there are 30 nations involved, standing side by side with our American troops, and I honor their sacrifices."
2004-09-30,BUSH,Rep,And I don't appreciate it when a candidate for President denigrates the contributions of these brave—brave soldiers.
2004-09-30,BUSH,Rep,It's—you cannot lead the world if you do not honor the contributions of those who are with us.
2004-09-30,BUSH,Rep,"He called them the ""coerced and the bribed."" That's not how you bring people together."
2004-09-30,BUSH,Rep,Our coalition is strong.
2004-09-30,BUSH,Rep,"It will remain strong, for my—so long as I'm the President."
2004-09-30,BUSH,Rep,"No, what I said was that because we achieved such a rapid victory, more of the Saddam loyalists were around."
2004-09-30,BUSH,Rep,"In other words, we thought we'd whip more of them going in."
2004-09-30,BUSH,Rep,"But because Tommy Franks did such a great job in planning the operations, we moved rapidly, and a lot of the Ba'athists and Saddam loyalists laid down their arms and disappeared."
2004-09-30,BUSH,Rep,"I thought we would—they would stay and fight, but they didn't."
2004-09-30,BUSH,Rep,And now we're fighting them now.
2004-09-30,BUSH,Rep,It's—and it's hard work.
2004-09-30,BUSH,Rep,I understand how hard it is.
2004-09-30,BUSH,Rep,I get the casualty reports every day.
2004-09-30,BUSH,Rep,"I see on the TV screens how hard it is, but it's necessary work."
2004-09-30,BUSH,Rep,And I'm optimistic.
2004-09-30,BUSH,Rep,"See, I think you can be realistic and optimistic at the same time."
2004-09-30,BUSH,Rep,I'm optimistic we'll achieve—I know we won't achieve if we send mixed signals.
2004-09-30,BUSH,Rep,"I know we're not going to achieve our objective if we send mixed signals to our troops, our friends, the Iraqi citizens."
2004-09-30,BUSH,Rep,We've got a plan in place.
2004-09-30,BUSH,Rep,"The plan says there'll be elections in January, and there will be."
2004-09-30,BUSH,Rep,"The plan says we'll train Iraqi soldiers so they can do the hard work, and we are."
2004-09-30,BUSH,Rep,"And it's not only just America, but NATO is now helping."
2004-09-30,BUSH,Rep,Jordan is helping train police.
2004-09-30,BUSH,Rep,The UAE is helping train police.
2004-09-30,BUSH,Rep,"We've allocated $7 billion over the next months for reconstruction efforts, and we're making progress there."
2004-09-30,BUSH,Rep,And our alliance is strong.
2004-09-30,BUSH,Rep,"Now, I just told you, there's going to be a summit of the Arab nations."
2004-09-30,BUSH,Rep,Japan will be hosting a summit.
2004-09-30,BUSH,Rep,We're making progress.
2004-09-30,BUSH,Rep,It is hard work.
2004-09-30,BUSH,Rep,It is hard work to go from a tyranny to a democracy.
2004-09-30,BUSH,Rep,"It's hard work to go from a place where people get their hands cut off or executed, to a place where people are free."
2004-09-30,BUSH,Rep,"But it's necessary work, and a free Iraq is going to make this world a more peaceful place."
2004-09-30,KERRY,Dem,"What I think troubles a lot of people in our country is that the President has just sort of described one kind of mistake, but what he has said is that even knowing there were no weapons of mass destruction, even knowing there was no imminent threat, even knowing there was no connection of Al Qaida, he would still have done everything the same way."
2004-09-30,KERRY,Dem,Those are his words.
2004-09-30,KERRY,Dem,"Now, I would not."
2004-09-30,KERRY,Dem,So what I'm trying to do is just talk the truth to the American people and to the world.
2004-09-30,KERRY,Dem,Truth is what good policy is based on.
2004-09-30,KERRY,Dem,It's what leadership is based on.
2004-09-30,KERRY,Dem,The President says that I'm denigrating these troops.
2004-09-30,KERRY,Dem,I have nothing but respect for the British and for Tony Blair and for what they've been willing to do.
2004-09-30,KERRY,Dem,"But you can't tell me that when the most troops any other country has on the ground is Great Britain with 8,300, and below that, the 4 others are below 4,000, and below that, there isn't anybody out of the hundreds, that we have a genuine coalition to get this job done."
2004-09-30,KERRY,Dem,"You can't tell me that on the day that we went into that war and it started, it was principally the United States, the—America and Great Britain and one or two others; that's it."
2004-09-30,KERRY,Dem,And today we are 90 percent of the casualties and 90 percent of the costs.
2004-09-30,KERRY,Dem,"And meanwhile, North Korea has gotten nuclear weapons."
2004-09-30,KERRY,Dem,"Talk about mixed messages, the President is the one who said we can't allow countries to get nuclear weapons."
2004-09-30,KERRY,Dem,They have.
2004-09-30,KERRY,Dem,I'll change that.
2004-09-30,KERRY,Dem,"Well, I've never, ever used the harshest word, as you did just then, and I try not to."
2004-09-30,KERRY,Dem,"I've been—but I'll, nevertheless, tell you that I think he has not been candid with the American people, and I'll tell you exactly how."
2004-09-30,KERRY,Dem,"First of all, we all know that in his State of the Union Message he told Congress about nuclear materials that didn't exist."
2004-09-30,KERRY,Dem,We know that he promised America that he was going to build this coalition.
2004-09-30,KERRY,Dem,I just described the coalition.
2004-09-30,KERRY,Dem,It is not the kind of coalition we were described when we were talking about voting for this.
2004-09-30,KERRY,Dem,The President said he would exhaust the remedies of the United Nations and go through that full process.
2004-09-30,KERRY,Dem,He didn't.
2004-09-30,KERRY,Dem,"He cut it off, sort of arbitrarily."
2004-09-30,KERRY,Dem,And we know that there were further diplomatics—efforts underway.
2004-09-30,KERRY,Dem,They just decided the time for diplomacy is over and rushed to war without planning for what happens afterwards.
2004-09-30,KERRY,Dem,"Now, he misled the American people in his speech when he said, ""We will plan carefully."" They obviously didn't."
2004-09-30,KERRY,Dem,"He misled the American people when he said, ""We'd go to war as a last resort."" We did not go as a last resort."
2004-09-30,KERRY,Dem,And most Americans know the difference.
2004-09-30,KERRY,Dem,"Now, this has cost us deeply in the world."
2004-09-30,KERRY,Dem,I believe that it is important to tell the truth to the American people.
2004-09-30,KERRY,Dem,I've worked with those leaders the President talks about.
2004-09-30,KERRY,Dem,"I've worked with them for 20 years, for longer than this President, and I know what many of them say today, and I know how to bring them back to the table."
2004-09-30,KERRY,Dem,"And I believe that fresh start, new credibility, a President who can understand what we have to do to reach out to the Muslim world, to make it clear that this is not— you know, Usama bin Laden uses the invasion of Iraq in order to go out to people and say the—America has declared war on Islam."
2004-09-30,KERRY,Dem,We need to be smarter about how we wage a war on terror.
2004-09-30,KERRY,Dem,We need to deny them the recruits.
2004-09-30,KERRY,Dem,We need to deny them the safe havens.
2004-09-30,KERRY,Dem,We need to rebuild our alliances.
2004-09-30,KERRY,Dem,"I believe that Ronald Reagan, John Kennedy, and others did that more effectively, and I'm going to try to follow in their footsteps."
2004-09-30,BUSH,Rep,My opponent just said something amazing.
2004-09-30,BUSH,Rep,He said Usama bin Laden uses the invasion of Iraq as an excuse to spread hatred for America.
2004-09-30,BUSH,Rep,Usama bin Laden isn't going to determine how we defend ourselves.
2004-09-30,BUSH,Rep,Usama bin Laden doesn't get to decide.
2004-09-30,BUSH,Rep,The American people decide.
2004-09-30,BUSH,Rep,I decided.
2004-09-30,BUSH,Rep,The right action was in Iraq.
2004-09-30,BUSH,Rep,My opponent calls it a mistake.
2004-09-30,BUSH,Rep,It wasn't a mistake.
2004-09-30,BUSH,Rep,He said I misled on Iraq.
2004-09-30,BUSH,Rep,I don't think he was misleading when he called Iraq a grave threat in the fall of 2002.
2004-09-30,BUSH,Rep,I don't think he was misleading when he said that it was right to disarm Iraq in the spring of 2003.
2004-09-30,BUSH,Rep,I don't think he misled you when he said that if—anyone who doubted whether the world was better off without Saddam Hussein in power didn't have the judgment to be President.
2004-09-30,BUSH,Rep,I don't think he was misleading.
2004-09-30,BUSH,Rep,"I think what is misleading is to say you can lead and succeed in Iraq if you keep changing your positions on this war, and he has."
2004-09-30,BUSH,Rep,"As the politics change, his positions change, and that's not how a Commander in Chief acts."
2004-09-30,BUSH,Rep,I—let me finish.
2004-09-30,BUSH,Rep,"The intelligence I looked at was the same intelligence my opponent looked at, the very same intelligence."
2004-09-30,BUSH,Rep,"And when I stood up there and spoke to the Congress, I was speaking off the same intelligence he looked at to make his decisions to support the authorization of force."
2004-09-30,KERRY,Dem,I wasn't misleading when I said he was a threat.
2004-09-30,KERRY,Dem,Nor was I misleading on the day that the President decided to go to war when I said that he had made a mistake in not building strong alliances and that I would have preferred that he did more diplomacy.
2004-09-30,KERRY,Dem,"I've had one position, one consistent position, that Sad-dam Hussein was a threat; there was a right way to disarm him and a wrong way."
2004-09-30,KERRY,Dem,And the President chose the wrong way.
2004-09-30,BUSH,Rep,The only thing consistent about my opponent's position is that he's been inconsistent.
2004-09-30,BUSH,Rep,He changes positions.
2004-09-30,BUSH,Rep,And you cannot change positions in this war on terror if you expect to win.
2004-09-30,BUSH,Rep,And I expect to win.
2004-09-30,BUSH,Rep,It's necessary we win.
2004-09-30,BUSH,Rep,"We're being challenged like never before, and we have a duty to our country and to future generations of America to achieve a free Iraq, a free Afghanistan, and to rid the world of weapons of mass destruction."
2004-09-30,BUSH,Rep,"No, every life is precious."
2004-09-30,BUSH,Rep,Every life matters.
2004-09-30,BUSH,Rep,"You know, my hardest—the hardest part of the job is to know that I committed the troops in harm's way and then do the best I can to provide comfort for the loved ones who lost a son or a daughter or a husband and wife."
2004-09-30,BUSH,Rep,"And you know, I think about Missy Johnson, who is a fantastic young lady I met in Charlotte, North Carolina, she and her son, Bryan."
2004-09-30,BUSH,Rep,They came to see me.
2004-09-30,BUSH,Rep,"Her husband, P.J., got killed."
2004-09-30,BUSH,Rep,"He'd been in Afghanistan, went to Iraq."
2004-09-30,BUSH,Rep,"You know, it's hard work to try to love her as best as I can, knowing full well that the decision I made caused her loved one to be in harm's way."
2004-09-30,BUSH,Rep,"I told her, after we prayed and teared up and laughed some, that I thought her husband's sacrifice was noble and worthy, because I understand the stakes of this war on terror."
2004-09-30,BUSH,Rep,I understand that we must find Al Qaida wherever they hide.
2004-09-30,BUSH,Rep,"We must deal with threats before they fully materialize— and Saddam Hussein was a threat—and that we must spread liberty, because in the long run, the way to defeat hatred and tyranny and oppression is to spread freedom."
2004-09-30,BUSH,Rep,Missy understood that.
2004-09-30,BUSH,Rep,That's what she told me her husband understood.
2004-09-30,BUSH,Rep,"So you say, was it worth it?"
2004-09-30,BUSH,Rep,Every life is precious.
2004-09-30,BUSH,Rep,That's what distinguishes us from the enemy.
2004-09-30,BUSH,Rep,Everybody matters.
2004-09-30,BUSH,Rep,"But I think it's worth it, Jim."
2004-09-30,BUSH,Rep,"I think it's worth it because I think—I know in the long term, a free Iraq, a free Afghanistan will set such a powerful example in the part of the world that's desperate for freedom— it will help change the world—that we can look back and say, ""We did our duty."""
2004-09-30,KERRY,Dem,"I understand what the President is talking about, because I know what it means to lose people in combat."
2004-09-30,KERRY,Dem,"And the question, is it worth the cost, reminds me of my own thinking when I came back from fighting in that war, and it reminds me that it is vital for us not to confuse the war, ever, with the warriors."
2004-09-30,KERRY,Dem,That happened before.
2004-09-30,KERRY,Dem,"And that's one of the reasons why I believe I can get this job done, because I am determined, for those soldiers and for those families, for those kids who put their lives on the line—that is noble."
2004-09-30,KERRY,Dem,That's the most noble thing that anybody can do.
2004-09-30,KERRY,Dem,And I want to make sure the outcome honors that nobility.
2004-09-30,KERRY,Dem,"Now, we have a choice here."
2004-09-30,KERRY,Dem,"I've laid out a plan by which I think we can be successful in Iraq, with a summit, by doing better training faster, by cutting—by doing what we need to do with respect to the U.N."
2004-09-30,KERRY,Dem,and the elections.
2004-09-30,KERRY,Dem,There's only 25 percent of the people in there.
2004-09-30,KERRY,Dem,They can't have an election right now.
2004-09-30,KERRY,Dem,The President is not getting the job done.
2004-09-30,KERRY,Dem,"So the choice for America is, you can have a plan that I've laid out in four points, each of which I can tell you more about, or you can go to johnkerry.com and see more of it, or you have the President's plan, which is four words, ""More of the same."" I think my plan is better."
2004-09-30,KERRY,Dem,And my plan has a better chance of standing up and fighting for those troops.
2004-09-30,KERRY,Dem,"I will never let those troops down and will hunt and kill the terrorists, wherever they are."
2004-09-30,BUSH,Rep,"I understand what it means to be the Commander in Chief, and if I were to ever say this is the wrong war at the wrong time at the right—wrong place, the troops would wonder, ""How can I follow this guy?"" You cannot lead the war on terror if you keep changing positions on the war on terror and say things like, ""Well, this is just a grand diversion."" It's not a grand diversion."
2004-09-30,BUSH,Rep,"This is an essential, that we get it right."
2004-09-30,BUSH,Rep,And so I—the plan he talks about simply won't work.
2004-09-30,KERRY,Dem,"Secretary of State Colin Powell told this President the Pottery Barn rule: If you break it, you fix it."
2004-09-30,KERRY,Dem,"Now, if you break it, you made a mistake."
2004-09-30,KERRY,Dem,"It's the wrong thing to do, but you own it."
2004-09-30,KERRY,Dem,And then you've got to fix it and do something with it.
2004-09-30,KERRY,Dem,"Now, that's what we have to do."
2004-09-30,KERRY,Dem,There's no inconsistency.
2004-09-30,KERRY,Dem,"Soldiers know, over there, that this isn't being done right yet."
2004-09-30,KERRY,Dem,"I'm going to get it right for those soldiers, because it's important to Israel."
2004-09-30,KERRY,Dem,It's important to America.
2004-09-30,KERRY,Dem,It's important to the world.
2004-09-30,KERRY,Dem,It's important to the fight on terror.
2004-09-30,KERRY,Dem,But I have a plan to do it.
2004-09-30,KERRY,Dem,He doesn't.
2004-09-30,KERRY,Dem,"The timeline that I've set out—and again, I want to correct the President, because he's misled again this evening on what I've said."
2004-09-30,KERRY,Dem,I didn't say I would bring troops out in 6 months.
2004-09-30,KERRY,Dem,"I said, ""If we do the things that I've set out, and we are successful, we could begin to draw the troops down in 6 months."" And I think a critical component of success in Iraq is being able to convince the Iraqis and the Arab world that the United States doesn't have long-term designs on it."
2004-09-30,KERRY,Dem,"As I understand it, we're building some 14 military bases there now, and some people say they've got a rather permanent concept to them."
2004-09-30,KERRY,Dem,"When you—when you guard the oil ministry but you don't guard the nuclear facilities, the message to a lot of people is, ""Maybe—well, maybe they're interested in our oil."" Now, the problem is that they didn't think these things through properly, and these are the things you have to think through."
2004-09-30,KERRY,Dem,What I want to do is change the dynamics on the ground.
2004-09-30,KERRY,Dem,And you have to do that by beginning to not back off of Fallujahs and other places and send the wrong message to the terrorists.
2004-09-30,KERRY,Dem,You have to close the borders.
2004-09-30,KERRY,Dem,You've got to show you're serious in that regard.
2004-09-30,KERRY,Dem,But you've also got to show that you're prepared to bring the rest of the world in and share the stakes.
2004-09-30,KERRY,Dem,I will make a flat statement: The United States of America has no long-term designs on staying in Iraq.
2004-09-30,KERRY,Dem,"And our goal, in my administration, would be to get all of the troops out of there, with the minimal amount you need for training and logistics as we do in some other countries in the world after a war to be able to sustain the peace."
2004-09-30,KERRY,Dem,"But that's how we're going to win the peace, by rapidly training the Iraqis themselves."
2004-09-30,KERRY,Dem,"Even the administration has admitted they haven't done the training, because they came to Congress a few weeks ago and asked for a complete reprogramming of the money."
2004-09-30,KERRY,Dem,"Now, what greater admission is there, 16 months afterwards, ""Oops, we haven't done the job."
2004-09-30,KERRY,Dem,We've got to start to spend the money now.
2004-09-30,KERRY,Dem,"Will you guys give us permission to shift it over into training?"""
2004-09-30,BUSH,Rep,"There's 100,000 troops trained, police, guard, special units, border patrol."
2004-09-30,BUSH,Rep,"There's going to be 125,000 trained by the end of this year."
2004-09-30,BUSH,Rep,"Yes, we're getting the job done."
2004-09-30,BUSH,Rep,It's hard work.
2004-09-30,BUSH,Rep,Everybody knows it's hard work because there's a determined enemy that's trying to defeat us.
2004-09-30,BUSH,Rep,"Now, my opponent says he's going to try to change the dynamics on the ground."
2004-09-30,BUSH,Rep,"Well, Prime Minister Allawi was here."
2004-09-30,BUSH,Rep,He is the leader of that country.
2004-09-30,BUSH,Rep,"He's a brave, brave man."
2004-09-30,BUSH,Rep,"When he came, after giving a speech to the Congress, my opponent questioned his credibility."
2004-09-30,BUSH,Rep,You can't change the dynamics on the ground if you've criticized the brave leader of Iraq.
2004-09-30,BUSH,Rep,One of his campaign people alleged that Prime Minister Allawi was like a puppet.
2004-09-30,BUSH,Rep,"That's no way to treat somebody who's courageous and brave, that is trying to lead his country forward."
2004-09-30,BUSH,Rep,"The way to make sure that we succeed is to send consistent, sound messages to the Iraqi people that when we give our word, we will keep our word; that we stand with you; that we believe you want to be free."
2004-09-30,BUSH,Rep,And I do.
2004-09-30,BUSH,Rep,"I believe that the 25 million people, the vast majority, long to have elections."
2004-09-30,BUSH,Rep,"I reject this notion—and I'm not suggesting that my opponent says it, but I reject the notion that some say that if you're Muslim you can't be free; you don't desire freedom."
2004-09-30,BUSH,Rep,"I disagree, strongly disagree with that."
2004-09-30,KERRY,Dem,I couldn't agree more that the Iraqis want to be free and that they could be free.
2004-09-30,KERRY,Dem,"But I think the President, again, still hasn't shown how he's going to go about it the right way."
2004-09-30,KERRY,Dem,He has more of the same.
2004-09-30,KERRY,Dem,"Now, Prime Minister Allawi came here, and he said the terrorists are pouring over the border."
2004-09-30,KERRY,Dem,That's Allawi's assessment.
2004-09-30,KERRY,Dem,"The national intelligence assessment that was given to the President in July said: Best case scenario, more of the same of what we see today; worst case scenario, civil war."
2004-09-30,KERRY,Dem,I can do better.
2004-09-30,BUSH,Rep,"Yes, let me——"
2004-09-30,BUSH,Rep,The reason why Prime Minister Allawi said they're coming across the border is because he recognizes that this is a central part of the war on terror.
2004-09-30,BUSH,Rep,They're fighting us because they're fighting freedom.
2004-09-30,BUSH,Rep,"They understand that a free Afghanistan or a free Iraq will be a major defeat for them, and those are the stakes."
2004-09-30,BUSH,Rep,And that's why it is essential we not leave.
2004-09-30,BUSH,Rep,That's why it's essential we hold the line.
2004-09-30,BUSH,Rep,"That's why it's essential we win, and we will."
2004-09-30,BUSH,Rep,"Under my leadership, we're going to win this war in Iraq."
2004-09-30,BUSH,Rep,I would hope I never have to.
2004-09-30,BUSH,Rep,I understand how hard it is to commit troops.
2004-09-30,BUSH,Rep,I never wanted to commit troops.
2004-09-30,BUSH,Rep,"I never—when I was running— when we had the debate in 2000, I never dreamt I would be doing that."
2004-09-30,BUSH,Rep,"But the enemy attacked us, Jim, and I have a solemn duty to protect the American people, to do everything I can to protect us."
2004-09-30,BUSH,Rep,"I think that by speaking clearly and doing what we say and not sending mixed messages, it is less likely we'll ever have to use troops."
2004-09-30,BUSH,Rep,But a President must always be willing to use troops.
2004-09-30,BUSH,Rep,It must—as a last resort.
2004-09-30,BUSH,Rep,The—I was hopeful diplomacy would work in Iraq.
2004-09-30,BUSH,Rep,It was falling apart.
2004-09-30,BUSH,Rep,There was no doubt in my mind that Saddam Hussein was hoping that the world would turn a blind eye.
2004-09-30,BUSH,Rep,"And if he had been in power—in other words, we had said, ""Let's let the inspectors work,"" or ""Let's hope to talk him out; maybe an 18th resolution would work,"" he'd have been stronger and tougher, and the world would have been a lot worse off."
2004-09-30,BUSH,Rep,There's just no doubt in my mind.
2004-09-30,BUSH,Rep,We would rue the day if Saddam Hussein had been in power.
2004-09-30,BUSH,Rep,"So we use diplomacy every chance we get, believe me."
2004-09-30,BUSH,Rep,And I—I would hope never to have to use force.
2004-09-30,BUSH,Rep,"But by speaking clearly and sending messages that we mean what we say, we've affected the world in a positive way."
2004-09-30,BUSH,Rep,Look at Libya.
2004-09-30,BUSH,Rep,Libya was a threat.
2004-09-30,BUSH,Rep,Libya is now peacefully dismantling its weapons programs.
2004-09-30,BUSH,Rep,"Libya understood that America and others will enforce doctrine, and the world is better for it."
2004-09-30,BUSH,Rep,"So to answer your question, I would hope we'd never have to."
2004-09-30,BUSH,Rep,"I think by acting firmly and decisively, it will mean it's less likely to—less likely we have to use force."
2004-09-30,KERRY,Dem,"Jim, the President just said something extraordinarily revealing and, frankly, very important in this debate."
2004-09-30,KERRY,Dem,"In answer to your question about Iraq and sending people into Iraq, he just said, ""The enemy attacked us."" Saddam Hussein didn't attack us."
2004-09-30,KERRY,Dem,Usama bin Laden attacked us.
2004-09-30,KERRY,Dem,Al Qaida attacked us.
2004-09-30,KERRY,Dem,"And when we had Usama bin Laden cornered in the mountains of Tora Bora, 1,000 of his cohorts with him in those mountains, with the American military forces nearby and in the field, we didn't use the best trained troops in the world to go kill the world's number one criminal and terrorist."
2004-09-30,KERRY,Dem,"They outsourced the job to Afghan warlords who only a week earlier had been on the other side fighting against us, neither of whom trusted each other."
2004-09-30,KERRY,Dem,That's the enemy that attacked us.
2004-09-30,KERRY,Dem,That's the enemy that was allowed to walk out of those mountains.
2004-09-30,KERRY,Dem,That's the enemy that is now in 60 countries with stronger recruits.
2004-09-30,KERRY,Dem,He also said Saddam Hussein would have been stronger.
2004-09-30,KERRY,Dem,That is just factually incorrect.
2004-09-30,KERRY,Dem,Two-thirds of the country was a no-fly zone when we started this war.
2004-09-30,KERRY,Dem,We would have had sanctions.
2004-09-30,KERRY,Dem,We would have had the U.N.
2004-09-30,KERRY,Dem,inspectors.
2004-09-30,KERRY,Dem,Saddam Hussein would have been continually weakening.
2004-09-30,KERRY,Dem,"If the President had shown the patience to go through another round of resolution, to sit down with those leaders and say, ""What do you need?"
2004-09-30,KERRY,Dem,What do you need now?
2004-09-30,KERRY,Dem,"How much more will it take to get you to join us,"" we would be in a stronger place today."
2004-09-30,BUSH,Rep,"First, listen——"
2004-09-30,BUSH,Rep,——of course I know Usama bin Laden attacked us.
2004-09-30,BUSH,Rep,I know that.
2004-09-30,BUSH,Rep,"And secondly, to think that another round of resolutions would have caused Saddam Hussein to disarm, disclose is ludicrous, in my judgment."
2004-09-30,BUSH,Rep,It just shows a significant difference of opinion.
2004-09-30,BUSH,Rep,We tried diplomacy.
2004-09-30,BUSH,Rep,We did our best.
2004-09-30,BUSH,Rep,"He was hoping to turn a blind eye, and, yes, he would have been stronger had we not dealt with him."
2004-09-30,BUSH,Rep,"He had the capability of making weapons, and he would have made weapons."
2004-09-30,KERRY,Dem,Thirty-five to forty countries in the world had a greater capability of making weapons at the moment the President invaded than Saddam Hussein.
2004-09-30,KERRY,Dem,"And while he has been diverted with 9 out of 10 active duty divisions of our Army either going to Iraq, coming back from Iraq, or getting ready to go, North Korea's got nuclear weapons, and the world is more dangerous."
2004-09-30,KERRY,Dem,"Iran is moving towards nuclear weapons, and the world is more dangerous."
2004-09-30,KERRY,Dem,Darfur has a genocide.
2004-09-30,KERRY,Dem,The world is more dangerous.
2004-09-30,KERRY,Dem,I'd have made a better choice.
2004-09-30,KERRY,Dem,The President always has the right and always has had the right for preemptive strike.
2004-09-30,KERRY,Dem,"That was a great doctrine throughout the cold war, and it was always one of the things we argued about with respect to arms control."
2004-09-30,KERRY,Dem,"No President, through all of American history, has ever ceded, and nor would I, the right to preempt in any way necessary to protect the United States of America."
2004-09-30,KERRY,Dem,"But if and when you do it, Jim, you've got to do in a way that passes the test, that passes the global test, where your countrymen, your people, understand fully why you're doing what you're doing and you can prove to the world that you did it for legitimate reasons."
2004-09-30,KERRY,Dem,Here we have our own Secretary of State who's had to apologize to the world for the presentation he made to the United Nations.
2004-09-30,KERRY,Dem,"I mean, we can remember when President Kennedy, in the Cuban missile crisis, sent his Secretary of State to Paris to meet with de Gaulle, and in the middle of the discussion to tell them about the missiles in Cuba, he said, ""Here, let me show you the photos."" And de Gaulle waved them off and said, ""No, no, no, no."
2004-09-30,KERRY,Dem,"The word of the President of the United States is good enough for me."" How many leaders in the world today would respond to us, as a result of what we've done, in that way?"
2004-09-30,KERRY,Dem,So what is at test here is the credibility of the United States of America and how we lead the world.
2004-09-30,KERRY,Dem,Iran and Iraq are now more—Iran and North Korea are now more dangerous.
2004-09-30,KERRY,Dem,"Now, whether preemption is ultimately what has to happen or not, I don't know yet."
2004-09-30,KERRY,Dem,"But I'll tell you this, as President, I'll never take my eye off that ball."
2004-09-30,KERRY,Dem,I've been fighting for proliferation the entire time—antiproliferation the entire time I've been in the Congress.
2004-09-30,KERRY,Dem,And we've watched this President actually turn away from some of the treaties that were on the table.
2004-09-30,KERRY,Dem,"You don't help yourself with other nations when you turn away from the global warming treaty, for instance, or when you refuse to deal at length with the United Nations."
2004-09-30,KERRY,Dem,You have to earn that respect.
2004-09-30,KERRY,Dem,And I think we have a lot of earning back to do.
2004-09-30,BUSH,Rep,"Let me—I'm not exactly sure what you mean, ""passes the global test."" You take preemptive action if you pass a global test?"
2004-09-30,BUSH,Rep,"My attitude is you take preemptive action in order to protect the American people, that you act in order to make this country secure."
2004-09-30,BUSH,Rep,My opponent talks about me not signing certain treaties.
2004-09-30,BUSH,Rep,"But let me tell you one thing I didn't sign—and I think it shows a difference of our opinion, the difference of opinions—and that is that I wouldn't join the International Criminal Court."
2004-09-30,BUSH,Rep,"This is a body based in The Hague where unaccountable judges and prosecutors could pull our troops, our diplomats up for trial."
2004-09-30,BUSH,Rep,And I wouldn't join it.
2004-09-30,BUSH,Rep,And I understand that in certain capitals around the world that that wasn't a popular move.
2004-09-30,BUSH,Rep,"But it's the right move, not to join a foreign court that could—where our people could be prosecuted."
2004-09-30,BUSH,Rep,My opponent is for joining the International Criminal Court.
2004-09-30,BUSH,Rep,"I just think trying to be popular kind of in the global sense, if it's not in our best interest, makes no sense."
2004-09-30,BUSH,Rep,I'm interested in working with other nations and do a lot of it.
2004-09-30,BUSH,Rep,But I'm not going to make decisions that I think are wrong for America.
2004-09-30,BUSH,Rep,"North Korea, first—I do."
2004-09-30,BUSH,Rep,Let me say I certainly hope so.
2004-09-30,BUSH,Rep,"Before I was sworn in, the policy of this Government was to have bilateral negotiations with North Korea."
2004-09-30,BUSH,Rep,And we signed an agreement with North Korea that my administration found out that was not being honored by the North Koreans.
2004-09-30,BUSH,Rep,"And so I decided that a better way to approach the issue was to get other nations involved, just—besides us."
2004-09-30,BUSH,Rep,"And in Crawford, Texas, Jiang Zemin and I agreed that the nuclear-weapons-free North—peninsula—Korean Peninsula was in his interest and our interest and the world's interest."
2004-09-30,BUSH,Rep,"And so we began a new dialog with North Korea, one that included not only the United States but now China."
2004-09-30,BUSH,Rep,"And China has got a lot of influence over North Korea, in some ways more than we do."
2004-09-30,BUSH,Rep,"As well we included South Korea, Japan, and Russia."
2004-09-30,BUSH,Rep,"So now there are five voices speaking to Kim Chong-il, not just one."
2004-09-30,BUSH,Rep,"And so if Kim Chong-il decides again to not honor an agreement, he's not only doing injustice to America, he'd be doing injustice to China as well."
2004-09-30,BUSH,Rep,And I think this will work.
2004-09-30,BUSH,Rep,It's not going to work if we open up a dialog with Kim Chong-il.
2004-09-30,BUSH,Rep,That's what he wants.
2004-09-30,BUSH,Rep,He wants to unravel the six-party talks—or the five—the five-nation coalition that's sending him a clear message.
2004-09-30,BUSH,Rep,"On Iran, I hope we can do the same thing, continue to work with the world to convince the Iranian mullahs to abandon their nuclear ambitions."
2004-09-30,BUSH,Rep,"We've worked very closely with the Foreign Ministers of France, Germany, and Great Britain, who have been the folks delivering the message to the mullahs that if you expect to be part of the world of nations, get rid of your nuclear programs."
2004-09-30,BUSH,Rep,The IAEA is involved.
2004-09-30,BUSH,Rep,There's a special protocol recently been passed that allows for instant inspections.
2004-09-30,BUSH,Rep,"I hope we can do it, and we've got a good strategy."
2004-09-30,KERRY,Dem,"With respect to Iran, the British, French, and Germans were the ones who initiated an effort—without the United States, regrettably—to begin to try to move to deter the nuclear possibilities in Iran."
2004-09-30,KERRY,Dem,I believe we could have done better.
2004-09-30,KERRY,Dem,"I think the United States should have offered the opportunity to provide the nuclear fuel, test them to see whether or not they were actually looking for it for peaceful purposes."
2004-09-30,KERRY,Dem,"If they weren't willing to work a deal, then we could have put sanctions together."
2004-09-30,KERRY,Dem,The President did nothing.
2004-09-30,KERRY,Dem,"With respect to North Korea, the real story, we had inspectors and television cameras in the nuclear reactor in North Korea."
2004-09-30,KERRY,Dem,Secretary Bill Perry negotiated that under President Clinton.
2004-09-30,KERRY,Dem,"And we knew where the fuel rods were, and we knew the limits on their nuclear power."
2004-09-30,KERRY,Dem,"Colin Powell, our Secretary of State, announced one day that we were going to continue the dialog and work with the North Koreans."
2004-09-30,KERRY,Dem,"The President reversed him publicly, while the President of South Korea was here."
2004-09-30,KERRY,Dem,And the President of South Korea went back to South Korea bewildered and embarrassed because it went against his policy.
2004-09-30,KERRY,Dem,"And for 2 years, this administration didn't talk at all to North Korea."
2004-09-30,KERRY,Dem,"While they didn't talk at all, the fuel rods came out."
2004-09-30,KERRY,Dem,The inspectors were kicked out.
2004-09-30,KERRY,Dem,The television cameras were kicked out.
2004-09-30,KERRY,Dem,"And, today, there are four to seven nuclear weapons in the hands of North Korea."
2004-09-30,KERRY,Dem,That happened on this President's watch.
2004-09-30,KERRY,Dem,"Now, that, I think, is one of the most serious sort of reversals or mixed messages that you could possibly send."
2004-09-30,BUSH,Rep,Right.
2004-09-30,KERRY,Dem,Both.
2004-09-30,KERRY,Dem,"I want bilateral talks which put all of the issues from the Armistice of 1952, the economic issues, the human rights issues, the artillery disposal issues, the DMZ issues, and the nuclear issues on the table."
2004-09-30,BUSH,Rep,"The minute we have bilateral talks, the six-party talks will unwind."
2004-09-30,BUSH,Rep,It's exactly what Kim Chong-il wants.
2004-09-30,BUSH,Rep,"And by the way, the breach on the agreement was not to plutonium."
2004-09-30,BUSH,Rep,The breach on the agreement is highly enriched uranium.
2004-09-30,BUSH,Rep,That's what we caught him doing.
2004-09-30,BUSH,Rep,That's where he was breaking the agreement.
2004-09-30,BUSH,Rep,"Secondly, you said—my opponent said that he'd work to put sanctions on Iran."
2004-09-30,BUSH,Rep,We've already sanctioned Iran.
2004-09-30,BUSH,Rep,We can't sanction them anymore.
2004-09-30,BUSH,Rep,There are sanctions in place on Iran.
2004-09-30,BUSH,Rep,"And finally, we were a party to the convincing—to working with Germany, France, and Great Britain to send their Foreign Ministers into Iran."
2004-09-30,KERRY,Dem,"Well, I'll tell you exactly why not, but I first want to say something about those sanctions on Iran."
2004-09-30,KERRY,Dem,"Only the United States put the sanctions on, alone, and that's exactly what I'm talking about."
2004-09-30,KERRY,Dem,"In order for the sanctions to be effective we should have been working with the British, French, and Germans and other countries."
2004-09-30,KERRY,Dem,And that's the difference between the President and me.
2004-09-30,KERRY,Dem,"And there again, he sort of slid by the question."
2004-09-30,KERRY,Dem,"Now, with respect to Darfur, yes, it is a genocide."
2004-09-30,KERRY,Dem,"And months ago, many of us were pressing for action."
2004-09-30,KERRY,Dem,I think the reason that we're not saying send American troops in at this point is several-fold.
2004-09-30,KERRY,Dem,"Number one, we can do this through the African Union, providing we give them the logistical support."
2004-09-30,KERRY,Dem,"Right now, all the President is providing is humanitarian support."
2004-09-30,KERRY,Dem,We need to do more than that.
2004-09-30,KERRY,Dem,"They've got to have the logistical capacity to go in and stop the killing, and that's going to require more than is on the table today."
2004-09-30,KERRY,Dem,I also believe that it is—one of the reasons we can't do it is we're overextended.
2004-09-30,KERRY,Dem,Ask the people in the Armed Forces today.
2004-09-30,KERRY,Dem,We've got Guards and Reserves who are doing double duties.
2004-09-30,KERRY,Dem,"We've got a backdoor draft taking place in America today, people with stop-loss programs where they're told, ""You can't get out of the military,"" 9 out of our 10 active duty divisions committed to Iraq one way or the other, either going, coming, or preparing."
2004-09-30,KERRY,Dem,So this is the way the President has overextended the United States.
2004-09-30,KERRY,Dem,"That's why, in my plan, I add two active duty divisions to the United States Army, not for Iraq but for our general demands across the globe."
2004-09-30,KERRY,Dem,I also intend to double the number of Special Forces so that we can do the job we need to do with respect to fighting the terrorists around the world.
2004-09-30,KERRY,Dem,"And if we do that, then we have the ability to be able to respond more rapidly."
2004-09-30,KERRY,Dem,"But I'll tell you this, as President, if it took American forces, to some degree, to coalesce the African Union, I'd be prepared to do it, because we could never allow another Rwanda."
2004-09-30,KERRY,Dem,It's a moral responsibility for us in the world.
2004-09-30,BUSH,Rep,"Back to Iran, just for a second."
2004-09-30,BUSH,Rep,It was not my administration that put the sanctions on Iran.
2004-09-30,BUSH,Rep,"That happened long before I arrived in Washington, DC."
2004-09-30,BUSH,Rep,"In terms of Darfur, I agree, it's genocide, and Colin Powell so stated."
2004-09-30,BUSH,Rep,We have committed $200 million worth of aid.
2004-09-30,BUSH,Rep,We're the leading donor in the world to help the suffering people there.
2004-09-30,BUSH,Rep,"We will commit more, over time, to help."
2004-09-30,BUSH,Rep,We were very much involved at the U.N.
2004-09-30,BUSH,Rep,on the sanction policy of the Bashir Government in the Sudan.
2004-09-30,BUSH,Rep,"Prior to Darfur, Ambassador Jack Danforth had been negotiating a north-south agreement that we would hope would have brought peace to the Sudan."
2004-09-30,BUSH,Rep,"I agree with my opponent that we shouldn't be committing troops, that we ought to be working with the African Union to do so—precisely what we did in Liberia."
2004-09-30,BUSH,Rep,"We helped stabilize the situation with some troops, and when the African Union came, we moved them out."
2004-09-30,BUSH,Rep,My hope is that the African Union moves rapidly to help save lives.
2004-09-30,BUSH,Rep,"Fortunately, the rainy season will be ending shortly, which will make it easier to get aid there and help the long-suffering people there."
2004-09-30,BUSH,Rep,"Whew, that's a loaded question."
2004-09-30,BUSH,Rep,"First of all, I admire Senator Kerry's service to our country."
2004-09-30,BUSH,Rep,I admire the fact that he is a great dad.
2004-09-30,BUSH,Rep,"I appreciate the fact that his daughters have been so kind to my daughters in what has been a pretty hard experience for, I guess, young girls seeing their dads out there campaigning."
2004-09-30,BUSH,Rep,"I admire the fact that he's served for 20 years in the Senate, although I'm not so sure I admire the record."
2004-09-30,BUSH,Rep,I won't hold it against him that he went to Yale.
2004-09-30,BUSH,Rep,Nothing wrong with that.
2004-09-30,BUSH,Rep,"I—my concerns about the Senator is that in the course of this campaign I've been listening very carefully to what he says, and he changed his positions on the war in Iraq, changed his positions on something as fundamental as what you believe in your core, in your heart of hearts, is right in Iraq."
2004-09-30,BUSH,Rep,You cannot lead if you send mixed messages.
2004-09-30,BUSH,Rep,Mixed messages send the wrong signals to our troops.
2004-09-30,BUSH,Rep,Mixed messages send the wrong signals to our allies.
2004-09-30,BUSH,Rep,Mixed messages send the wrong signals to the Iraqi citizens.
2004-09-30,BUSH,Rep,And that's my biggest concern about my opponent.
2004-09-30,BUSH,Rep,I admire his service.
2004-09-30,BUSH,Rep,"But I just know how this world works and that in the councils of government, there must be certainty from the U.S."
2004-09-30,BUSH,Rep,President.
2004-09-30,BUSH,Rep,"Of course, we change tactics when need to, but we never change our beliefs, the strategic beliefs that are necessary to protect this country in the world."
2004-09-30,KERRY,Dem,"Well, first of all, I appreciate enormously the personal comments the President just made, and I share them with him."
2004-09-30,KERRY,Dem,"I think only if you've—if you're doing this, and he's done it more than I have in terms of the Presidency, can you begin to get a sense of what it means to your families."
2004-09-30,KERRY,Dem,And it's tough.
2004-09-30,KERRY,Dem,And so I acknowledge his daughters.
2004-09-30,KERRY,Dem,I've watched them.
2004-09-30,KERRY,Dem,I've chuckled a few times at some of their comments.
2004-09-30,KERRY,Dem,And——
2004-09-30,BUSH,Rep,I'm trying to put a leash on them.
2004-09-30,KERRY,Dem,"Well, I know, I've learned not to do that."
2004-09-30,KERRY,Dem,And I have great respect and admiration for his wife.
2004-09-30,KERRY,Dem,I think she's a terrific person——
2004-09-30,BUSH,Rep,Thank you.
2004-09-30,KERRY,Dem,——and a great First Lady.
2004-09-30,KERRY,Dem,But we do have differences.
2004-09-30,KERRY,Dem,I'm not going to talk about a difference of character.
2004-09-30,KERRY,Dem,I don't think that's my job or my business.
2004-09-30,KERRY,Dem,But let me talk about something that the President just sort of finished up with—maybe someone would call it a character trait; maybe somebody wouldn't—but this issue of certainty.
2004-09-30,KERRY,Dem,"It's one thing to be certain, but you can be certain and be wrong."
2004-09-30,KERRY,Dem,"It's another to be certain and be right, or be certain and be moving in the right direction, or be certain about a principle and then learn new facts and take those new facts and put them to use in order to change and get your policy right."
2004-09-30,KERRY,Dem,What I worry about with the President is that he's not acknowledging what's on the ground.
2004-09-30,KERRY,Dem,He's not acknowledging the realities of North Korea.
2004-09-30,KERRY,Dem,He's not acknowledging the truth of the science of stem cell research or of global warming and other issues.
2004-09-30,KERRY,Dem,And certainty sometimes can get you in trouble.
2004-09-30,BUSH,Rep,"Well, I think—listen, I fully agree that one should shift tactics, and we will in Iraq."
2004-09-30,BUSH,Rep,Our commanders have got all the flexibility to do what is necessary to succeed.
2004-09-30,BUSH,Rep,But what I won't do is change my core values because of politics or because of pressure.
2004-09-30,BUSH,Rep,"And it is—one of the things I've learned in the White House is that there's enormous pressure on the President, and you cannot wilt under that pressure."
2004-09-30,BUSH,Rep,Otherwise the world won't be better off.
2004-09-30,KERRY,Dem,I have no intention of wilting.
2004-09-30,KERRY,Dem,"I've never wilted in my life, and I've never wavered in my life."
2004-09-30,KERRY,Dem,I know exactly what we need to do in Iraq and my position has been consistent.
2004-09-30,KERRY,Dem,Saddam Hussein is a threat.
2004-09-30,KERRY,Dem,He needed to be disarmed.
2004-09-30,KERRY,Dem,We needed to go to the U.N.
2004-09-30,KERRY,Dem,"The President needed the authority to use force in order to be able to get him to do something because he never did it without the threat of force, but we didn't need to rush to war without a plan to win the peace."
2004-09-30,KERRY,Dem,Nuclear proliferation— nuclear proliferation.
2004-09-30,KERRY,Dem,"There are some 600-plus tons of unsecured material still in the former Soviet Union, in Russia."
2004-09-30,KERRY,Dem,"At the rate that the President is currently securing that, it will take 13 years to get it."
2004-09-30,KERRY,Dem,I did a lot of work on this.
2004-09-30,KERRY,Dem,"I wrote a book about it several years ago—maybe 6 or 7 years ago, called ""The New War,"" which saw the difficulties of this international criminal network."
2004-09-30,KERRY,Dem,"And back then, we intercepted a suitcase in a Middle Eastern country with nuclear materials in it, and the black market sale price was about $250 million."
2004-09-30,KERRY,Dem,"Now, there are terrorists trying to get their hands on that stuff today."
2004-09-30,KERRY,Dem,"And this President, I regret to say, has secured less nuclear material in the last 2 years since 9/11 than we did in the 2 years preceding 9/11."
2004-09-30,KERRY,Dem,We have to do this job.
2004-09-30,KERRY,Dem,"And to do the job, you can't cut the money for it."
2004-09-30,KERRY,Dem,The President actually cut the money for it.
2004-09-30,KERRY,Dem,You have to put the money into it and the funding and the leadership.
2004-09-30,KERRY,Dem,And part of that leadership is sending the right message to places like North Korea.
2004-09-30,KERRY,Dem,Right now the President is spending hundreds of millions of dollars to research bunker-busting nuclear weapons.
2004-09-30,KERRY,Dem,The United States is pursuing a new set of nuclear weapons.
2004-09-30,KERRY,Dem,It doesn't make sense.
2004-09-30,KERRY,Dem,You talk about mixed messages.
2004-09-30,KERRY,Dem,"We're telling other people, ""You can't have nuclear weapons,"" but we're pursuing a new nuclear weapon that we might even contemplate using."
2004-09-30,KERRY,Dem,Not this President.
2004-09-30,KERRY,Dem,"I'm going to shut that program down, and we're going to make it clear to the world we're serious about containing nuclear proliferation."
2004-09-30,KERRY,Dem,And we're going to get the job of containing all of that nuclear material in Russia done in 4 years.
2004-09-30,KERRY,Dem,And we're going to build the strongest international network to prevent nuclear proliferation.
2004-09-30,KERRY,Dem,This is the scale of what President Kennedy set out to do with the Nuclear Test Ban Treaty.
2004-09-30,KERRY,Dem,"It's our generation's equivalent, and I intend to get it done."
2004-09-30,BUSH,Rep,"Actually, we've increased funding for dealing with nuclear proliferation about 35 percent since I've been the President."
2004-09-30,BUSH,Rep,"Secondly, we've set up what's called the—well, first of all, I agree with my opponent that the biggest threat facing this country is weapons of mass destruction in the hands of a terrorist network."
2004-09-30,BUSH,Rep,And that's why we've put proliferation as the—one of the centerpieces of a multipronged strategy to make the country safer.
2004-09-30,BUSH,Rep,"My administration started what is called the Proliferation Security Initiative, over 60 nations involved with disrupting the trans-shipment of information and/or weapons of mass destruction materials."
2004-09-30,BUSH,Rep,And we're— been effective.
2004-09-30,BUSH,Rep,We busted the A.Q.
2004-09-30,BUSH,Rep,Khan network.
2004-09-30,BUSH,Rep,This was a proliferator out of Pakistan that was selling secrets to places like North Korea and Libya.
2004-09-30,BUSH,Rep,We convinced Libya to disarm.
2004-09-30,BUSH,Rep,It was an essential part of dealing with weapons of mass destruction and proliferation.
2004-09-30,BUSH,Rep,"I'll tell you another way to help protect America in the long—in the long run is continue with missile defenses, and we've got a robust research and development program that has been ongoing during my administration."
2004-09-30,BUSH,Rep,We'll be implementing a missile defense system relatively quickly.
2004-09-30,BUSH,Rep,And that is another way to help deal with the threats that we face in the 21st century.
2004-09-30,BUSH,Rep,My opponent is opposed to the missile defenses.
2004-09-30,BUSH,Rep,In the hands of a terrorist enemy.
2004-09-30,KERRY,Dem,"Weapons of mass destruction, nuclear proliferation."
2004-09-30,KERRY,Dem,"But again, the test of the difference between us—the President has had 4 years to try to do something about it, and North Korea has got more weapons."
2004-09-30,KERRY,Dem,Iran is moving towards weapons.
2004-09-30,KERRY,Dem,"And at his pace, it will take 13 years to secure those weapons in Russia."
2004-09-30,KERRY,Dem,"I'm going to do it in 4 years, and I'm going to immediately set out to have bilateral talks with North Korea."
2004-09-30,BUSH,Rep,"Again, I can't tell you how big a mistake I think that is, to have bilateral talks with North Korea."
2004-09-30,BUSH,Rep,It's precisely what Kim Chong-il wants.
2004-09-30,BUSH,Rep,It will cause the six-party talks to evaporate.
2004-09-30,BUSH,Rep,"It means that China no longer is involved in convincing, along with us, for Kim Chong-il to get rid of his weapons."
2004-09-30,BUSH,Rep,It's a big mistake to do that.
2004-09-30,BUSH,Rep,"We must have China's leverage on Kim Chong-il, besides ourselves."
2004-09-30,BUSH,Rep,"And if you enter bilateral talks, they'll be happy to walk away from the table."
2004-09-30,BUSH,Rep,I don't think that will work.
2004-09-30,BUSH,Rep,"No, I don't think it's okay and said so publicly."
2004-09-30,BUSH,Rep,"I think that there needs to be checks and balances in a democracy and made that very clear—that by consolidating power in a central government, he's sending a signal to the Western world and the United States that—that perhaps he doesn't believe in checks and balances."
2004-09-30,BUSH,Rep,And I've told him that.
2004-09-30,BUSH,Rep,He's also a strong ally in the war on terror.
2004-09-30,BUSH,Rep,"He is—listen, they went through a horrible situation in Beslan where these terrorists gunned down young school kids."
2004-09-30,BUSH,Rep,"But it's the nature of the enemy, by the way."
2004-09-30,BUSH,Rep,That's why we need to be firm and resolved in bringing them to justice.
2004-09-30,BUSH,Rep,It's precisely what Vladimir Putin understands as well.
2004-09-30,BUSH,Rep,"I've got a good relation with Vladimir, and it's important that we do have a good relation because that enables me to better comment to him and to—better to discuss with him some of the decisions he makes."
2004-09-30,BUSH,Rep,"I found that in this world that it's important to establish good personal relationships with people so that when you have disagreements, you're able to disagree in a way that is effective."
2004-09-30,BUSH,Rep,And so I've told him my opinion.
2004-09-30,BUSH,Rep,I look forward to discussing it more with him as time goes on.
2004-09-30,BUSH,Rep,Russia is a country in transition.
2004-09-30,BUSH,Rep,"Vladimir is going to have to make some hard choices, and I think it's very important for the American President as well as other Western leaders to remind him of the great benefits of democracy, that democracy will best help the people realize their hopes and aspirations and dreams."
2004-09-30,BUSH,Rep,And I will continue working with him over the next 4 years.
2004-09-30,KERRY,Dem,"Well, let me just say quickly that I've had an extraordinary experience of watching up close and personal that transition in Russia, because I was there right after the transformation, and I was probably one of the first Senators, along with Senator Bob Smith of New Hampshire, a former Senator, to go down into the KGB underneath Treblinka Square and see reams of files with names in them."
2004-09-30,KERRY,Dem,And it sort of brought home the transition to democracy that Russia was trying to make.
2004-09-30,KERRY,Dem,"I regret what's happened in these past months, and I think it goes beyond just the response to terror."
2004-09-30,KERRY,Dem,Mr.
2004-09-30,KERRY,Dem,Putin now controls all the television stations.
2004-09-30,KERRY,Dem,His political opposition is being put in jail.
2004-09-30,KERRY,Dem,"And I think it's very important for the United States, obviously, to have a working relationship that is good."
2004-09-30,KERRY,Dem,"This is a very important country to us, and we want a partnership."
2004-09-30,KERRY,Dem,But we always have to stand up for democracy.
2004-09-30,KERRY,Dem,"As George Will said the other day, ""Freedom on the march, not in Russia right now."" Now, I'd like to come back for a quick moment, if I can, to that issue about China and the talks, because that's one of the most critical issues here, North Korea."
2004-09-30,KERRY,Dem,"Just because the President says it can't be done, that you'd lose China, doesn't mean it can't be done."
2004-09-30,KERRY,Dem,"I mean, this is the President who said there were weapons of mass destruction, said ""mission accomplished,"" said we could fight the war on the cheap, none of which were true."
2004-09-30,KERRY,Dem,"We can have bilateral talks with Kim Chong-il, and we can get those weapons at the same time as we get China, because China has an interest in the outcome too."
2004-09-30,BUSH,Rep,You know my opinion on North Korea.
2004-09-30,BUSH,Rep,I can't say it any more plainly.
2004-09-30,BUSH,Rep,Pardon me?
2004-09-30,BUSH,Rep,"Oh, I'm a pretty calm guy."
2004-09-30,BUSH,Rep,"I mean, I don't take it personally."
2004-09-30,BUSH,Rep,"But you know, look, we looked at the same intelligence."
2004-09-30,BUSH,Rep,"We came to the same conclusion, that Saddam Hussein was a grave threat."
2004-09-30,BUSH,Rep,"And I don't hold it against him that he said ""grave threat."" I'm not going to go around the country saying he didn't tell the truth, when he looked at the same intelligence I did."
2004-09-30,KERRY,Dem,It was a threat.
2004-09-30,KERRY,Dem,That's not the issue.
2004-09-30,KERRY,Dem,The issue is what you do about it.
2004-09-30,KERRY,Dem,"The President said he was going to build a true coalition, exhaust the remedies of the U.N., and go to war as a last resort."
2004-09-30,KERRY,Dem,Those words really have to mean something.
2004-09-30,KERRY,Dem,"And unfortunately, he didn't go to war as a last resort."
2004-09-30,KERRY,Dem,"Now we have this incredible mess in Iraq, $200 billion—it's— it's not what the American people thought they were getting when they voted."
2004-09-30,KERRY,Dem,"Thank you, Jim, very much."
2004-09-30,KERRY,Dem,Thank you very much to the university again.
2004-09-30,KERRY,Dem,"Thank you, Mr."
2004-09-30,KERRY,Dem,President.
2004-09-30,KERRY,Dem,"My fellow Americans, as I said at the very beginning of this debate, both President Bush and I love this country very much."
2004-09-30,KERRY,Dem,"There is no doubt, I think, about that."
2004-09-30,KERRY,Dem,But we have a different set of convictions about how we make our country stronger here at home and respected again in the world.
2004-09-30,KERRY,Dem,"I know that for many of you sitting at home, parents of kids in Iraq, you want to know, who is the person who could be a Commander in Chief who can get your kids home and get the job done and win the peace?"
2004-09-30,KERRY,Dem,"And for all the rest of the parents in America who are wondering about their kids going to a school or anywhere else in the world, what kind of world they're going to grow up in, let me look you in the eye and say to you: I've defended this country as a young man in war, and I will defend it as President of the United States."
2004-09-30,KERRY,Dem,But I have a difference with this President.
2004-09-30,KERRY,Dem,I believe we're strongest when we reach out and lead the world and build strong alliances.
2004-09-30,KERRY,Dem,I have a plan for Iraq.
2004-09-30,KERRY,Dem,I believe we can be successful.
2004-09-30,KERRY,Dem,I'm not talking about leaving.
2004-09-30,KERRY,Dem,I'm talking about winning.
2004-09-30,KERRY,Dem,"And we need a fresh start, a new credibility, a President who can bring allies to our side."
2004-09-30,KERRY,Dem,"I also have a plan to win the war on terror, funding homeland security, strengthening our military, cutting off finances, reaching out to the world—again, building strong alliances."
2004-09-30,KERRY,Dem,"I believe America's best days are ahead of us because I believe that the future belongs to freedom, not to fear."
2004-09-30,KERRY,Dem,"That's the country that I'm going to fight for, and I ask you to give me the opportunity to make you proud."
2004-09-30,KERRY,Dem,"I ask you to give me the opportunity to lead this great Nation so that we can be stronger here at home, respected again in the world, and have responsible leadership that we deserve."
2004-09-30,KERRY,Dem,"Thank you, and God bless America."
2004-09-30,BUSH,Rep,"Thank you very much, tonight, Jim."
2004-09-30,BUSH,Rep,"Thank you, Senator."
2004-09-30,BUSH,Rep,"If America shows uncertainty or weakness in this decade, the world will drift toward tragedy."
2004-09-30,BUSH,Rep,That's not going to happen so long as I'm your President.
2004-09-30,BUSH,Rep,"In the next 4 years, we will continue to strengthen our homeland defenses."
2004-09-30,BUSH,Rep,We will strengthen our intelligence gathering services.
2004-09-30,BUSH,Rep,We will reform our military.
2004-09-30,BUSH,Rep,The military will be an all-volunteer army.
2004-09-30,BUSH,Rep,We will continue to stay on the offense.
2004-09-30,BUSH,Rep,We will fight the terrorists around the world so we do not have to face them here at home.
2004-09-30,BUSH,Rep,We'll continue to build our alliances.
2004-09-30,BUSH,Rep,I'll never turn over America's national security needs to leaders of other countries as we continue to build those alliances.
2004-09-30,BUSH,Rep,And we'll continue to spread freedom.
2004-09-30,BUSH,Rep,I believe in the transformational power of liberty.
2004-09-30,BUSH,Rep,I believe that a free Iraq is in this Nation's interests.
2004-09-30,BUSH,Rep,"I believe a free Afghanistan is in this Nation's interests, and I believe both a free Afghanistan and a free Iraq will serve as a powerful example for millions who plead in silence for liberty in the broader Middle East."
2004-09-30,BUSH,Rep,We've done a lot of hard work together over the last 3 1/2 years.
2004-09-30,BUSH,Rep,"We've been challenged, and we've risen to those challenges."
2004-09-30,BUSH,Rep,We've climbed the mighty mountain.
2004-09-30,BUSH,Rep,"I see the valley below, and it's a valley of peace."
2004-09-30,BUSH,Rep,"By being steadfast and resolute and strong, by keeping our word, by supporting our troops, we can achieve the peace we all want."
2004-09-30,BUSH,Rep,I appreciate your listening tonight.
2004-09-30,BUSH,Rep,I ask for your vote.
2004-09-30,BUSH,Rep,And may God continue to bless our great land.
2004-10-05,CHENEY,Rep,"Gwen, I want to thank you, and I want to thank the folks here at Case Western Reserve for hosting this tonight."
2004-10-05,CHENEY,Rep,"It's a very important event, and they've done a superb job of putting it together."
2004-10-05,CHENEY,Rep,It's important to look at all of our developments in Iraq within the broader context of the global war on terror.
2004-10-05,CHENEY,Rep,"And, after 9/11, it became clear that we had to do several things to have a successful strategy to win the global war on terror, specifically that we had to go after the terrorists where ever we might find them, that we also had to go after state sponsors of terror, those who might provide sanctuary or safe harbor for terror."
2004-10-05,CHENEY,Rep,"And we also then finally had to stand up democracies in their stead afterwards, because that was the only way to guarantee that these states would not again become safe harbors for terror or for the development of deadly weapons."
2004-10-05,CHENEY,Rep,"Concern about Iraq specifically focused on the fact that Saddam Hussein had been, for years, listed on the state sponsor of terror, that they he had established relationships with Abu Nidal, who operated out of Baghdad; he paid $25,000 to the families of suicide bombers; and he had an established relationship with Al Qaida."
2004-10-05,CHENEY,Rep,"Specifically, look at George Tenet, the CIA director's testimony before the Committee on Foreign Relations two years ago when he talked about a 10-year relationship."
2004-10-05,CHENEY,Rep,The effort that we've mounted with respect to Iraq focused specifically on the possibility that this was the most likely nexus between the terrorists and weapons of mass destruction.
2004-10-05,CHENEY,Rep,The biggest threat we faced today is the possibility of terrorists smuggling a nuclear weapon or a biological agent into one of our own cities and threatening the lives of hundreds of thousands of Americans.
2004-10-05,CHENEY,Rep,What we did in Iraq was exactly the right thing to do.
2004-10-05,CHENEY,Rep,"If I had it to recommend all over again, I would recommend exactly the same course of action."
2004-10-05,CHENEY,Rep,"The world is far safer today because Saddam Hussein is in jail, his government is no longer in power."
2004-10-05,CHENEY,Rep,And we did exactly the right thing.
2004-10-05,EDWARDS,Dem,Thank you.
2004-10-05,EDWARDS,Dem,"Thank you, Gwen, for moderating this debate."
2004-10-05,EDWARDS,Dem,Thank you to the folks of Case Western and all the people in Ohio for having us here.
2004-10-05,EDWARDS,Dem,Mr.
2004-10-05,EDWARDS,Dem,"Vice President, you are still not being straight with the American people."
2004-10-05,EDWARDS,Dem,"I mean, the reality you and George Bush continue to tell people, first, that things are going well in Iraq -- the American people don't need us to explain this to them, they see it on their television every single day."
2004-10-05,EDWARDS,Dem,We lost more troops in September than we lost in August; lost more in August than we lost in July; lost more in July than we lost in June.
2004-10-05,EDWARDS,Dem,"The truth is, our men and women in uniform have been heroic."
2004-10-05,EDWARDS,Dem,Our military has done everything they've been asked to do.
2004-10-05,EDWARDS,Dem,And it's not just me that sees the mess in Iraq.
2004-10-05,EDWARDS,Dem,"There are Republican leaders, like John McCain, like Richard Lugar, like Chuck Hagel, who have said Iraq is a mess and it's getting worse."
2004-10-05,EDWARDS,Dem,"And when they were asked why, Richard Lugar said because of the incompetence of the administration."
2004-10-05,EDWARDS,Dem,What Paul Bremer said yesterday is they didn't have enough troops to secure the country.
2004-10-05,EDWARDS,Dem,They also didn't have a plan to win the peace.
2004-10-05,EDWARDS,Dem,They also didn't put the alliances together to make this successful.
2004-10-05,EDWARDS,Dem,We need a fresh start.
2004-10-05,EDWARDS,Dem,"We need a president who will speed up the training of the Iraqis, get more staff in for doing that."
2004-10-05,EDWARDS,Dem,We need to speed up the reconstruction so the Iraqis see some tangible benefit.
2004-10-05,EDWARDS,Dem,"We need a new president who has the credibility, which John Kerry has, to bring others into this effort."
2004-10-05,CHENEY,Rep,We've made significant progress in Iraq.
2004-10-05,CHENEY,Rep,We've stood up a new government that's been in power now only 90 days.
2004-10-05,CHENEY,Rep,"The notion of additional troops is talked about frequently, but the point of success in Iraq will be reached when we have turned governance over to the Iraqi people; they have been able to establish a democratic government."
2004-10-05,CHENEY,Rep,They're well on their way to doing that.
2004-10-05,CHENEY,Rep,They will have free elections next January for the first time in history.
2004-10-05,CHENEY,Rep,"We also are actively, rapidly training Iraqis to take on the security responsibility."
2004-10-05,CHENEY,Rep,Those two steps are crucial to success in Iraq.
2004-10-05,CHENEY,Rep,"They're well in hand, well under way."
2004-10-05,CHENEY,Rep,"And I'm confident that, in fact, we'll get the job done."
2004-10-05,EDWARDS,Dem,Yes.
2004-10-05,EDWARDS,Dem,Mr.
2004-10-05,EDWARDS,Dem,"Vice President, there is no connection between the attacks of September 11th and Saddam Hussein."
2004-10-05,EDWARDS,Dem,The 9/11 Commission has said it.
2004-10-05,EDWARDS,Dem,Your own secretary of state has said it.
2004-10-05,EDWARDS,Dem,And you've gone around the country suggesting that there is some connection.
2004-10-05,EDWARDS,Dem,There is not.
2004-10-05,EDWARDS,Dem,And in fact the CIA is now about to report that the connection between Al Qaida and Saddam Hussein is tenuous at best.
2004-10-05,EDWARDS,Dem,"And, in fact, the secretary of defense said yesterday that he knows of no hard evidence of the connection."
2004-10-05,EDWARDS,Dem,We need to be straight with the American people.
2004-10-05,EDWARDS,Dem,Here's what it means: It means that Saddam Hussein needed to be confronted.
2004-10-05,EDWARDS,Dem,John Kerry and I have consistently said that.
2004-10-05,EDWARDS,Dem,That's why we voted for the resolution.
2004-10-05,EDWARDS,Dem,But it also means it needed to be done the right way.
2004-10-05,EDWARDS,Dem,"And doing it the right way meant that we were prepared; that we gave the weapons inspectors time to find out what we now know, that in fact there were no weapons of mass destruction; that we didn't take our eye off the ball, which are Al Qaida, Osama bin Laden, the people who attacked us on September the 11th."
2004-10-05,EDWARDS,Dem,"Now, remember, we went into Afghanistan, which, by the way, was the right thing to do."
2004-10-05,EDWARDS,Dem,That was the right decision.
2004-10-05,EDWARDS,Dem,And our military performed terrifically there.
2004-10-05,EDWARDS,Dem,But we had Osama bin Laden cornered at Tora Bora.
2004-10-05,EDWARDS,Dem,We had the 10th Mountain Division up in Uzbekistan available.
2004-10-05,EDWARDS,Dem,We had the finest military in the world on the ground.
2004-10-05,EDWARDS,Dem,And what did we do?
2004-10-05,EDWARDS,Dem,We turned -- this is the man who masterminded the greatest mass murder and terrorist attack in American history.
2004-10-05,EDWARDS,Dem,And what did the administration decide to do?
2004-10-05,EDWARDS,Dem,"They gave the responsibility of capturing and/or killing Saddam -- I mean Osama bin Laden to Afghan warlords who, just a few weeks before, had been working with Osama bin Laden."
2004-10-05,EDWARDS,Dem,Our point in this is not complicated: We were attacked by Al Qaida and Osama bin Laden.
2004-10-05,EDWARDS,Dem,We went into Afghanistan and very quickly the administration made a decision to divert attention from that and instead began to plan for the invasion of Iraq.
2004-10-05,EDWARDS,Dem,And these connections -- I want the American people to hear this very clearly.
2004-10-05,EDWARDS,Dem,Listen carefully to what the vice president is saying.
2004-10-05,EDWARDS,Dem,Because there is no connection between Saddam Hussein and the attacks of September 11th -- period.
2004-10-05,EDWARDS,Dem,The 9/11 Commission has said that's true.
2004-10-05,EDWARDS,Dem,Colin Powell has said it's true.
2004-10-05,EDWARDS,Dem,But the vice president keeps suggesting that there is.
2004-10-05,EDWARDS,Dem,There is not.
2004-10-05,EDWARDS,Dem,"And, in fact, any connection with Al Qaida is tenuous at best."
2004-10-05,CHENEY,Rep,The senator has got his facts wrong.
2004-10-05,CHENEY,Rep,"I have not suggested there's a connection between Iraq and 9/11, but there's clearly an established Iraqi track record with terror."
2004-10-05,CHENEY,Rep,"And the point is that that's the place where you're most likely to see the terrorists come together with weapons of mass destruction, the deadly technologies that Saddam Hussein had developed and used over the years."
2004-10-05,CHENEY,Rep,"Now, the fact of the matter is, the big difference here, Gwen, is they are not prepared to deal with states that sponsor terror."
2004-10-05,CHENEY,Rep,They've got a very limited view about how to use U.S.
2004-10-05,CHENEY,Rep,military forces to defend America.
2004-10-05,CHENEY,Rep,We heard Senator Kerry say the other night that there ought to be some kind of global test before U.S.
2004-10-05,CHENEY,Rep,troops are deployed preemptively to protect the United States.
2004-10-05,CHENEY,Rep,That's part of a track record that goes back to the 1970s when he ran for Congress the first time and said troops should not be deployed without U.N.
2004-10-05,CHENEY,Rep,approval.
2004-10-05,CHENEY,Rep,"Then, in the mid-'80s, he ran on the basis of cutting most of our major defense programs."
2004-10-05,CHENEY,Rep,"In 1991, he voted against Desert Storm."
2004-10-05,CHENEY,Rep,It's a consistent pattern over time of always being on the wrong side of defense issues.
2004-10-05,CHENEY,Rep,A little tough talk in the midst of a campaign or as part of a presidential debate cannot obscure a record of 30 years of being on the wrong side of defense issues.
2004-10-05,CHENEY,Rep,"And they give absolutely no indication, based on that record, of being wiling to go forward and aggressively pursue the war on terror with a kind of strategy that will work, that will defeat our enemies and will guarantee that the United States doesn't again get attacked by the likes of Al Qaida."
2004-10-05,CHENEY,Rep,"Gwen, we've never let up on Osama bin Laden from day one."
2004-10-05,CHENEY,Rep,We've actively and aggressively pursued him.
2004-10-05,CHENEY,Rep,We've captured or killed thousands of Al Qaida in various places around the world and especially in Afghanistan.
2004-10-05,CHENEY,Rep,"We'll continue to very aggressively pursue him, and I'm confident eventually we'll get him."
2004-10-05,CHENEY,Rep,"The key to success in Afghanistan has been, again, to go in and go after the terrorists, which we've done, and also take down the Taliban regime which allowed them to function there, in effect sponsors, if you will, of the Al Qaida organization."
2004-10-05,CHENEY,Rep,"John Edwards, two and a half years ago, six months after we went into Afghanistan announced that it was chaotic, the situation was deteriorating, the warlords were about to take over."
2004-10-05,CHENEY,Rep,"Here we are, two and a half years later, we're four days away from a democratic election, the first one in history in Afghanistan."
2004-10-05,CHENEY,Rep,"We've got 10 million voters who have registered to vote, nearly half of them women."
2004-10-05,CHENEY,Rep,That election will put in place a democratically elected government that will take over next December.
2004-10-05,CHENEY,Rep,"We've made enormous progress in Afghanistan, in exactly the right direction, in spite of what John Edwards said two and a half years ago."
2004-10-05,CHENEY,Rep,He just got it wrong.
2004-10-05,CHENEY,Rep,"The fact is, as we go forward in Afghanistan, we will pursue Osama bin Laden and the terrorists as long as necessary."
2004-10-05,CHENEY,Rep,We're standing up Afghan security forces so they can take on responsibility for their own security.
2004-10-05,CHENEY,Rep,We'll keep U.S.
2004-10-05,CHENEY,Rep,"forces there -- we have about 16,000 there today -- as long as necessary, to assist the Afghans in terms of dealing with their security situation."
2004-10-05,CHENEY,Rep,But they're making significant progress.
2004-10-05,CHENEY,Rep,"We have President Karzai, who is in power."
2004-10-05,CHENEY,Rep,They have done wonders writing their own constitution for the first time ever.
2004-10-05,CHENEY,Rep,Schools are open.
2004-10-05,CHENEY,Rep,Young girls are going to school.
2004-10-05,CHENEY,Rep,Women are going to vote.
2004-10-05,CHENEY,Rep,Women are even eligible to run for office.
2004-10-05,CHENEY,Rep,"This is major, major progress."
2004-10-05,CHENEY,Rep,"There will be democracy in Afghanistan, make no doubt about it."
2004-10-05,CHENEY,Rep,Freedom is the best antidote to terror.
2004-10-05,EDWARDS,Dem,Someone did get it wrong.
2004-10-05,EDWARDS,Dem,But it wasn't John Kerry and John Edwards.
2004-10-05,EDWARDS,Dem,They got it wrong.
2004-10-05,EDWARDS,Dem,"When we had Osama bin Laden cornered, they left the job to the Afghan warlords."
2004-10-05,EDWARDS,Dem,"They then diverted their attention from the very people who attacked us, who were at the center of the war on terror, and so Osama bin Laden is still at large."
2004-10-05,EDWARDS,Dem,"Now, I want to go back to something the vice president said just a minute ago, because these distortions are continuing."
2004-10-05,EDWARDS,Dem,He said that -- made mention of this global test.
2004-10-05,EDWARDS,Dem,"What John Kerry said -- and it's just as clear as day to anybody who was listening -- he said: We will find terrorists where they are and kill them before they ever do harm to the American people, first."
2004-10-05,EDWARDS,Dem,We will keep this country safe.
2004-10-05,EDWARDS,Dem,"He defended this country as a young man, he will defend this country as president of the United States."
2004-10-05,EDWARDS,Dem,He also said very clearly that he will never give any country veto power over the security of the United States of America.
2004-10-05,EDWARDS,Dem,"Now, I know the vice president would like to pretend that wasn't said, and the president would too."
2004-10-05,EDWARDS,Dem,But the reality is it was said.
2004-10-05,EDWARDS,Dem,"Here's what's actually happened in Afghanistan, regardless of this rosy scenario that they paint on Afghanistan, just like they do with Iraq."
2004-10-05,EDWARDS,Dem,What's actually happened is they're now providing 75 percent of the world's opium.
2004-10-05,EDWARDS,Dem,"Not only are they providing 75 percent of the world's opium, large-cut parts of the country are under the control of drug lords and warlords."
2004-10-05,EDWARDS,Dem,Big parts of the country are still insecure.
2004-10-05,EDWARDS,Dem,"And the reality is the part of Afghanistan, eastern Afghanistan, where Osama bin Laden is, is one of the hardest places to control and the most insecure, Gwen."
2004-10-05,CHENEY,Rep,Twenty years ago we had a similar situation in El Salvador.
2004-10-05,CHENEY,Rep,"We had -- guerrilla insurgency controlled roughly a third of the country, 75,000 people dead, and we held free elections."
2004-10-05,CHENEY,Rep,I was there as an observer on behalf of the Congress.
2004-10-05,CHENEY,Rep,"The human drive for freedom, the determination of these people to vote, was unbelievable."
2004-10-05,CHENEY,Rep,"And the terrorists would come in and shoot up polling places; as soon as they left, the voters would come back and get in line and would not be denied the right to vote."
2004-10-05,CHENEY,Rep,And today El Salvador is a whale of a lot better because we held free elections.
2004-10-05,CHENEY,Rep,The power of that concept is enormous.
2004-10-05,CHENEY,Rep,"And it will apply in Afghanistan, and it will apply as well in Iraq."
2004-10-05,EDWARDS,Dem,The vice president just said that we should focus on state sponsors of terrorism.
2004-10-05,EDWARDS,Dem,Iran has moved forward with its nuclear weapons program.
2004-10-05,EDWARDS,Dem,They're more dangerous today than they were four years ago.
2004-10-05,EDWARDS,Dem,"North Korea has moved forward with their nuclear weapons program, gone from one to two nuclear weapons to six to eight nuclear weapons."
2004-10-05,EDWARDS,Dem,"This vice president has been an advocate for over a decade for lifting sanctions against Iran, the largest state sponsor of terrorism on the planet."
2004-10-05,EDWARDS,Dem,It's a mistake.
2004-10-05,EDWARDS,Dem,"We should not only not lift them, we should strengthen those sanctions."
2004-10-05,EDWARDS,Dem,Sure.
2004-10-05,EDWARDS,Dem,"Well, let me say, first, he said in the same segment -- I don't remember precisely where it was connected with what you just read -- but he said, point blank, ""We will never give anyone a veto over the security of the United States of America."" What he's saying is we're going to go back to the proud tradition of the United States of America and presidents of the United States of America for the last 50 to 75 years."
2004-10-05,EDWARDS,Dem,"First, we're going to actually tell the American people the truth."
2004-10-05,EDWARDS,Dem,We're going to tell them the truth about what's happening.
2004-10-05,EDWARDS,Dem,"We're not going to suggest to them that things are going well in Iraq or anyplace else when, in fact, they're not."
2004-10-05,EDWARDS,Dem,We're going to make sure that the American people know the truth about why we are using force and what the explanation for it is.
2004-10-05,EDWARDS,Dem,And it's not just the American people.
2004-10-05,EDWARDS,Dem,We're also going to make sure that we tell the world the truth.
2004-10-05,EDWARDS,Dem,"Because the reality is, for America to lead, for America to do what it's done for 50 years before this president and vice president came into office, it is critical that we be credible."
2004-10-05,EDWARDS,Dem,"It is critical that they believe that when America takes action, they can trust what we're doing, what we say, what we say at the United Nations, what we say in direct conversations with leaders of the world -- of other countries."
2004-10-05,EDWARDS,Dem,"They need to know that the credibility of the United States is always good, because they will not follow us without that."
2004-10-05,EDWARDS,Dem,"And unfortunately, we're seeing the consequences of that right now."
2004-10-05,EDWARDS,Dem,It's one of the reasons that we're having so much difficulty getting others involved in the effort in Iraq.
2004-10-05,EDWARDS,Dem,"You know, we've taken 90 percent of the coalition causalities."
2004-10-05,EDWARDS,Dem,American taxpayers have borne 90 percent of the costs of the effort in Iraq.
2004-10-05,EDWARDS,Dem,And we see the result of there not being a coalition: The first Gulf war cost America $5 billion.
2004-10-05,EDWARDS,Dem,We're at $200 billion and counting.
2004-10-05,EDWARDS,Dem,John Kerry will never give up control over the security of the United States of America to any other country.
2004-10-05,EDWARDS,Dem,We will not outsource our responsibility to keep this country safe.
2004-10-05,CHENEY,Rep,"Well, Gwen, the 90 percent figure is just dead wrong."
2004-10-05,CHENEY,Rep,"When you include the Iraqi security forces that have suffered casualties, as well as the allies, they've taken almost 50 percent of the casualties in operations in Iraq, which leaves the U.S."
2004-10-05,CHENEY,Rep,"with 50 percent, not 90 percent."
2004-10-05,CHENEY,Rep,"With respect to the cost, it wasn't $200 billion."
2004-10-05,CHENEY,Rep,You probably weren't there to vote for that.
2004-10-05,CHENEY,Rep,"But $120 billion is, in fact, what has been allocated to Iraq."
2004-10-05,CHENEY,Rep,The rest of it's for Afghanistan and the global war on terror.
2004-10-05,CHENEY,Rep,The allies have stepped forward and agreed to reduce and forgive Iraqi debt to the tune of nearly $80 billion by one estimate.
2004-10-05,CHENEY,Rep,"That, plus $14 billion they promised in terms of direct aid, puts the overall allied contribution financially at about $95 billion, not to the $120 billion we've got, but, you know, better than 40 percent."
2004-10-05,CHENEY,Rep,"So your facts are just wrong, Senator."
2004-10-05,CHENEY,Rep,You also have a situation where you talk about credibility.
2004-10-05,CHENEY,Rep,"It's awfully hard to convey a sense of credibility to allies when you voted for the war and then you declared: Wrong war, wrong place, wrong time."
2004-10-05,CHENEY,Rep,"You voted for the war, and then you voted against supporting the troops when they needed the equipment, the fuel, the spare parts and the ammunition and the body armor."
2004-10-05,CHENEY,Rep,You're not credible on Iraq because of the enormous inconsistencies that John Kerry and you have cited time after time after time during the course of the campaign.
2004-10-05,CHENEY,Rep,"Whatever the political pressures of the moment requires, that's where you're at."
2004-10-05,CHENEY,Rep,"But you've not been consistent, and there's no indication at all that John Kerry has the conviction to successfully carry through on the war on terror."
2004-10-05,EDWARDS,Dem,May I respond briefly?
2004-10-05,EDWARDS,Dem,What the vice president has just said is just a complete distortion.
2004-10-05,EDWARDS,Dem,The American people saw John Kerry on Thursday night.
2004-10-05,EDWARDS,Dem,They don't need the vice president or the president to tell them what they saw.
2004-10-05,EDWARDS,Dem,"They saw a man who was strong, who had conviction, who is resolute, who made it very clear that he will do everything that has to be done to find terrorists, to keep the American people safe."
2004-10-05,EDWARDS,Dem,"He laid out his plan for success in Iraq, made it clear that we were committed to success in Iraq."
2004-10-05,EDWARDS,Dem,"We have to be, because we have troops on the ground there and because they have created a haven for terrorists."
2004-10-05,CHENEY,Rep,"Your rhetoric, Senator, would be a lot more credible if there was a record to back it up."
2004-10-05,CHENEY,Rep,There isn't.
2004-10-05,CHENEY,Rep,"And you cannot use ""talk tough"" during the course of a 90-minute debate in a presidential campaign to obscure a 30-year record in the United States Senate and, prior to that by John Kerry, who has consistently come down on the wrong side of all the major defense issues that he's faced as a public official."
2004-10-05,CHENEY,Rep,"I'm saying specifically that I don't believe he has the qualities we need in a commander in chief because I don't think, based on his record, that he would pursue the kind of aggressive policies that need to be pursued if we're going to defeat these terrorists."
2004-10-05,CHENEY,Rep,We need to battle them overseas so we don't have to battle them here at home.
2004-10-05,CHENEY,Rep,I'm not challenging John Kerry's patriotism.
2004-10-05,CHENEY,Rep,"I said in my acceptance speech in New York City at the Republican convention that we respected his service in Vietnam, and I got applause for that."
2004-10-05,CHENEY,Rep,We've never criticized his patriotism.
2004-10-05,CHENEY,Rep,What we've questioned is his judgment.
2004-10-05,CHENEY,Rep,"And his judgment's flawed, and the record's there for anybody who wants to look at it."
2004-10-05,CHENEY,Rep,"In 1984, when he ran for the Senate he opposed, or called for the elimination of a great many major weapons systems that were crucial to winning the Cold War and are important today to our overall forces."
2004-10-05,CHENEY,Rep,"When Saddam Hussein invaded Kuwait and occupied it in 1990 and '91, he stood up on the floor of the Senate and voted against going in to liberate Kuwait and push Saddam Hussein back to Iraq."
2004-10-05,CHENEY,Rep,"The problem we have is that, if you look at his record, he doesn't display the qualities of somebody who has conviction."
2004-10-05,CHENEY,Rep,"And with respect to this particular operation, we've seen a situation in which, first, they voted to commit the troops, to send them to war, John Edwards and John Kerry, then they came back and when the question was whether or not you provide them with the resources they needed -- body armor, spare parts, ammunition -- they voted against it."
2004-10-05,CHENEY,Rep,I couldn't figure out why that happened initially.
2004-10-05,CHENEY,Rep,"And then I looked and figured out that what was happening was Howard Dean was making major progress in the Democratic primaries, running away with the primaries based on an anti-war record."
2004-10-05,CHENEY,Rep,"So they, in effect, decided they would cast an anti-war vote and they voted against the troops."
2004-10-05,CHENEY,Rep,"Now if they couldn't stand up to the pressures that Howard Dean represented, how can we expect them to stand up to Al Qaida?"
2004-10-05,EDWARDS,Dem,Thank you.
2004-10-05,EDWARDS,Dem,One thing that's very clear is that a long resume does not equal good judgment.
2004-10-05,EDWARDS,Dem,"I mean, we've seen over and over and over the misjudgments made by this administration."
2004-10-05,EDWARDS,Dem,"I want to go back to what the vice president just said, because it's a continuation of the things he's been doing, unfortunately, on the campaign trail; it's a continuation of what he began his first answer with tonight."
2004-10-05,EDWARDS,Dem,John Kerry has voted for the biggest military appropriations bill in the country's history.
2004-10-05,EDWARDS,Dem,John Kerry has voted for the biggest intelligence appropriations in the country's history.
2004-10-05,EDWARDS,Dem,"This vice president, when he was secretary of defense, cut over 80 weapons systems, including the very ones he's criticizing John Kerry for voting against."
2004-10-05,EDWARDS,Dem,"These are weapons systems, a big chunk of which, the vice president himself suggested we get rid of after the Cold War."
2004-10-05,EDWARDS,Dem,The reality is that John Kerry has consistently supported the very men that he served with in Vietnam and led.
2004-10-05,EDWARDS,Dem,"On the $87 billion, it was clear at the time of that vote that they had no plan to win the peace."
2004-10-05,EDWARDS,Dem,We're seeing the consequences of that everyday on the ground right now.
2004-10-05,EDWARDS,Dem,"We stood up and said: For our troops, we must have a plan to win the peace."
2004-10-05,EDWARDS,Dem,"We also thought it was wrong to have a $20 billion fund out of which $7.5 billion was going to go to a no-bid contract for Halliburton, the vice president's former company."
2004-10-05,EDWARDS,Dem,It was wrong then.
2004-10-05,EDWARDS,Dem,It's wrong now.
2004-10-05,CHENEY,Rep,"Well, Gwen, I think the record speaks for itself."
2004-10-05,CHENEY,Rep,These are two individuals who have been for the war when the headlines were good and against it when their poll ratings were bad.
2004-10-05,CHENEY,Rep,We have not seen the kind of consistency that a commander in chief has to have in order to be a leader in wartime and in order to be able to see the strategy through to victory.
2004-10-05,CHENEY,Rep,"If we want to win the war on terror, it seems to me it's pretty clear the choice is George Bush, not John Kerry."
2004-10-05,EDWARDS,Dem,John Kerry has been absolutely clear and consistent from the beginning that we must stay focused on the people who attacked us; that Saddam Hussein was a threat that needed to be addressed directly; that the weapons inspectors needed to have time to do their job.
2004-10-05,EDWARDS,Dem,"Had they had time to do their job, they would have discovered what we now know, that in fact Saddam Hussein had no weapons, that in fact Saddam Hussein has no connection with 9/11, that in fact Saddam Hussein has little or no connection with Al Qaida."
2004-10-05,EDWARDS,Dem,"Well, let's start with what we know."
2004-10-05,EDWARDS,Dem,What we know is that the president and the vice president have not done the work to build the coalition that we need -- dramatically different than the first Gulf War.
2004-10-05,EDWARDS,Dem,"We know that they haven't done it, and we know they can't do it."
2004-10-05,EDWARDS,Dem,"They didn't, by the way, just reject the allies going into lead- up to the war."
2004-10-05,EDWARDS,Dem,"They also rejected them in the effort to do the reconstruction in Iraq, and that has consequences."
2004-10-05,EDWARDS,Dem,"What we believe is, as part of our entire plan for Iraq -- and we have a plan for Iraq."
2004-10-05,EDWARDS,Dem,They have a plan for Iraq too: more of the same.
2004-10-05,EDWARDS,Dem,We have a plan for success.
2004-10-05,EDWARDS,Dem,And that plan includes speeding up the training of the military.
2004-10-05,EDWARDS,Dem,We have less than half of the staff that we need there to complete that training.
2004-10-05,EDWARDS,Dem,"Second, make sure that the reconstruction is sped up in a way that the Iraqis see some tangible benefit for what's happening."
2004-10-05,EDWARDS,Dem,"And by the way, if we need to, we can take Iraqis out of Iraq to train them."
2004-10-05,EDWARDS,Dem,It is not secure enough.
2004-10-05,EDWARDS,Dem,It's so dangerous on the ground that they can't be trained there.
2004-10-05,EDWARDS,Dem,We can take them out of Iraq for purposes of training.
2004-10-05,EDWARDS,Dem,We should do whatever has to be done to train the Iraqis and to speed up that process.
2004-10-05,EDWARDS,Dem,That works in conjunction with making sure the elections take place on time.
2004-10-05,EDWARDS,Dem,"Right now, the United Nations, which is responsible for the elections in January, has about 35 people there."
2004-10-05,EDWARDS,Dem,"Now, that's compared with a much smaller country like East Timor, where they had over 200 people on the ground."
2004-10-05,EDWARDS,Dem,"You need more than 35 people to hold an election in Cleveland, much less in Iraq."
2004-10-05,EDWARDS,Dem,"And they keep saying the election's on schedule, this is going to happen."
2004-10-05,EDWARDS,Dem,The reality is we need a new president with credibility with the rest of the world and who has a real plan for success.
2004-10-05,EDWARDS,Dem,"Success breeds contribution, breeds joining the coalition."
2004-10-05,EDWARDS,Dem,"Not only that, I want to go back to what the vice president said."
2004-10-05,EDWARDS,Dem,He attacks us about the troops.
2004-10-05,EDWARDS,Dem,"They sent 40,000 American troops into Iraq without the body armor they needed."
2004-10-05,EDWARDS,Dem,They sent them without the armored vehicles they needed.
2004-10-05,EDWARDS,Dem,"While they were on the ground fighting, they lobbied the Congress to cut their combat pay."
2004-10-05,EDWARDS,Dem,This is the height of hypocrisy.
2004-10-05,CHENEY,Rep,"Well, Gwen, it's hard to know where to start; there are so many inaccuracies there."
2004-10-05,CHENEY,Rep,The fact of the matter is the troops wouldn't have what they have today if you guys had had your way.
2004-10-05,CHENEY,Rep,You talk about internationalizing the effort.
2004-10-05,CHENEY,Rep,They don't have a plan.
2004-10-05,CHENEY,Rep,"Basically, it's an echo."
2004-10-05,CHENEY,Rep,You made the comment that the Gulf War coalition in '91 was far stronger than this.
2004-10-05,CHENEY,Rep,No.
2004-10-05,CHENEY,Rep,We had 34 countries then; we've got 30 today.
2004-10-05,CHENEY,Rep,We've got troops beside us.
2004-10-05,CHENEY,Rep,"It's hard, after John Kerry referred to our allies as a coalition of the coerced and the bribed, to go out and persuade people to send troops and to participate in this process."
2004-10-05,CHENEY,Rep,You end up with a situation in which -- talk about demeaning.
2004-10-05,CHENEY,Rep,"In effect, you demean the sacrifice of our allies when you say it's the wrong war, wrong place, wrong time, and oh, by the way, send troops."
2004-10-05,CHENEY,Rep,Makes no sense at all.
2004-10-05,CHENEY,Rep,It's totally inconsistent.
2004-10-05,CHENEY,Rep,There isn't a plan there.
2004-10-05,CHENEY,Rep,"Our most important ally in the war on terror, in Iraq specifically, is Prime Minister Allawi."
2004-10-05,CHENEY,Rep,He came recently and addressed a joint session of Congress that I presided over with the speaker of the House.
2004-10-05,CHENEY,Rep,"And John Kerry rushed out immediately after his speech was over with, where he came and he thanked America for our contributions and our sacrifice and pledged to hold those elections in January, went out and demeaned him, criticized him, challenged his credibility."
2004-10-05,CHENEY,Rep,That is not the way to win friends and allies.
2004-10-05,CHENEY,Rep,You're never going to add to the coalition with that kind of attitude.
2004-10-05,CHENEY,Rep,"IFILL: Senator Edwards, 30 seconds."
2004-10-05,EDWARDS,Dem,Thank you.
2004-10-05,EDWARDS,Dem,The vice president suggests that we have the same number of countries involved now that we had in the first Gulf War.
2004-10-05,EDWARDS,Dem,The first Gulf War cost the American people $5 billion.
2004-10-05,EDWARDS,Dem,"And regardless of what the vice president says, we're at $200 billion and counting."
2004-10-05,EDWARDS,Dem,"Not only that, 90 percent of the coalition casualties, Mr."
2004-10-05,EDWARDS,Dem,"Vice President, the coalition casualties, are American casualties."
2004-10-05,EDWARDS,Dem,Ninety percent of the cost of this effort are being borne by American taxpayers.
2004-10-05,EDWARDS,Dem,It is the direct result of the failures of this administration.
2004-10-05,CHENEY,Rep,Classic example.
2004-10-05,CHENEY,Rep,He won't count the sacrifice and the contribution of Iraqi allies.
2004-10-05,CHENEY,Rep,It's their country.
2004-10-05,CHENEY,Rep,They're in the fight.
2004-10-05,CHENEY,Rep,They're increasingly the ones out there putting their necks on the line to take back their country from the terrorists and the old regime elements that are still left.
2004-10-05,CHENEY,Rep,They're doing a superb job.
2004-10-05,CHENEY,Rep,And for you to demean their sacrifices strikes me as...
2004-10-05,EDWARDS,Dem,"Oh, I'm not..."
2004-10-05,CHENEY,Rep,as beyond...
2004-10-05,EDWARDS,Dem,I'm not demeaning...
2004-10-05,CHENEY,Rep,It is indeed.
2004-10-05,CHENEY,Rep,You suggested...
2004-10-05,EDWARDS,Dem,"No, sir, I did not..."
2004-10-05,CHENEY,Rep,"somehow they shouldn't count, because you want to be able to say that the Americans are taking 90 percent of the sacrifice."
2004-10-05,CHENEY,Rep,You cannot succeed in this effort if you're not willing to recognize the enormous contribution the Iraqis are increasingly making to their own future.
2004-10-05,CHENEY,Rep,"We'll win when they take on responsibility for governance, which they're doing, and when the take on responsibility for their own security, which they increasingly are doing."
2004-10-05,EDWARDS,Dem,Thanks.
2004-10-05,EDWARDS,Dem,"Well, let me speak, first of all, to what the vice president just said, and then I'll answer that question."
2004-10-05,EDWARDS,Dem,"This, unfortunately -- what the vice president is telling people is inconsistent with everything they see every single day."
2004-10-05,EDWARDS,Dem,"It's a continuation of, ""Well, there's a strong connection between Al Qaida and Saddam Hussein."" It's not true."
2004-10-05,EDWARDS,Dem,It's a continuation of at least insinuating that there's some connection between 9/11 and Saddam Hussein.
2004-10-05,EDWARDS,Dem,It's not true.
2004-10-05,EDWARDS,Dem,"It's saying to the American people, as the president said last Thursday, and the vice president continues to say tonight, that things are going well in Iraq, contrary to what people who have been there have seen, including Republican leaders, contrary to what everyone in America sees on their television every day -- Americans being kidnapped, people being beheaded, parts of the country under the control of insurgents, even today, under the control of the insurgents."
2004-10-05,EDWARDS,Dem,The vice president has still not said anything about what Mr.
2004-10-05,EDWARDS,Dem,"Bremer said, about the failure to have adequate troops, the failure to be able to secure the country in the short term."
2004-10-05,EDWARDS,Dem,"You know, remember ""shock and awe""?"
2004-10-05,EDWARDS,Dem,Look at where we are now.
2004-10-05,EDWARDS,Dem,"It is a direct result of the failure to plan, the failure to have others involved in this effort."
2004-10-05,EDWARDS,Dem,This is not an accident.
2004-10-05,EDWARDS,Dem,"Now, let me go back to your question."
2004-10-05,EDWARDS,Dem,"If we want to do the things that need to be done to keep this country safe, we can't be dragged kicking and screaming to it."
2004-10-05,EDWARDS,Dem,One thing that everybody does agree on is that 9/11 did change things.
2004-10-05,EDWARDS,Dem,But what's happened is this administration opposed the creation of a 9/11 Commission to find out why it happened and what we needed to do.
2004-10-05,EDWARDS,Dem,"They opposed the creation of a Department of Homeland Security, and then they were for it."
2004-10-05,EDWARDS,Dem,We can't react that way.
2004-10-05,EDWARDS,Dem,We must be more aggressive.
2004-10-05,EDWARDS,Dem,"With John Kerry as president of the United States, we are committed to immediately implementing all of the reforms suggested by the 9/11 Commission, so that we have the information we need to find terrorists and crush them before hey hurt us."
2004-10-05,CHENEY,Rep,"No, I do not."
2004-10-05,CHENEY,Rep,"And, Gwen, at the time, I was talking specifically about this question of unilateral sanctions."
2004-10-05,CHENEY,Rep,"What happens when we impose unilateral sanctions is, unless there's a collective effort, then other people move in and take advantage of the situation and you don't have any impact, except to penalize American companies."
2004-10-05,CHENEY,Rep,We've got sanctions on Iran now.
2004-10-05,CHENEY,Rep,We may well want to go to the U.N.
2004-10-05,CHENEY,Rep,Security Council and ask for even tougher sanctions if they don't live up to their obligations under the initial -- International Atomic Energy Agency Non-Proliferation Treaty.
2004-10-05,CHENEY,Rep,"We dealt with Iran differently than we have Iraq partly because Iran has not yet, as Iraq did, violated 12 years of resolutions by the U.N."
2004-10-05,CHENEY,Rep,Security Council.
2004-10-05,CHENEY,Rep,"We're working with the Brits and the Germans and the French, who've been negotiating with the Iranians."
2004-10-05,CHENEY,Rep,We recently were actively involved in a meeting with the board of governors in the International Atomic Energy Agency.
2004-10-05,CHENEY,Rep,"And as I say, there will be a follow-up meeting in November to determine whether or not Iran's living up to their commitments and obligations."
2004-10-05,CHENEY,Rep,"And if they aren't, my guess is then the board of governors will recommend sending the whole matter to the U.N."
2004-10-05,CHENEY,Rep,"Security Council for the application of the international sanctions, which I think would be exactly the right way to go."
2004-10-05,CHENEY,Rep,"We're addressing North Korea on a similar basis, working with the Chinese, the South Koreans, the Japanese and others to try to bring them around."
2004-10-05,CHENEY,Rep,"One of the great by-products, for example, of what we did in Iraq and Afghanistan is that five days after we captured Saddam Hussein, Moammar Gadhafi in Libya came forward and announced that he was going to surrender all of his nuclear materials to the United States, which he has done."
2004-10-05,CHENEY,Rep,This was one of the biggest sources of proliferation in the world today in terms of the threat that was represented by that.
2004-10-05,CHENEY,Rep,"The suppliers network that provided that, headed by Mr."
2004-10-05,CHENEY,Rep,A.Q.
2004-10-05,CHENEY,Rep,"Khan, has been shut down."
2004-10-05,CHENEY,Rep,We've made major progress in dealing here with a major issue with respect to nuclear proliferation.
2004-10-05,CHENEY,Rep,And we'll continue to press very hard on the North Koreans and the Iranians as well.
2004-10-05,EDWARDS,Dem,"Well, the vice president talks about there being a member, or someone associated with Al Qaida, in Iraq."
2004-10-05,EDWARDS,Dem,There are 60 countries who have members of Al Qaida in them.
2004-10-05,EDWARDS,Dem,How many of those countries are we going to invade?
2004-10-05,EDWARDS,Dem,"Not only that, he talks about Iran."
2004-10-05,EDWARDS,Dem,The reality about Iran is that Iran has moved forward with their nuclear weapons program on their watch.
2004-10-05,EDWARDS,Dem,They ceded responsibility to dealing with it to the Europeans.
2004-10-05,EDWARDS,Dem,"Now, the vice president, as you pointed out, spoke out loudly for lifting the sanctions on Iraq."
2004-10-05,EDWARDS,Dem,"John Kerry and I believe we need to strengthen the sanctions on Iraq, including closing the loophole that allows companies to use a subsidiary, offshore subsidiaries to do business with Iran."
2004-10-05,EDWARDS,Dem,"I mentioned Halliburton a few minute ago in connection with the $87 billion, and you raised it in this question."
2004-10-05,EDWARDS,Dem,"This is relevant, because he was pushing for lifting sanctions when he was CEO of Halliburton."
2004-10-05,EDWARDS,Dem,Here's why we didn't think Halliburton should have a no-bid contract.
2004-10-05,EDWARDS,Dem,"While he was CEO of Halliburton, they paid millions of dollars in fines for providing false information on their company, just like Enron and Ken Lay."
2004-10-05,EDWARDS,Dem,"They did business with Libya and Iran, two sworn enemies of the United States."
2004-10-05,EDWARDS,Dem,They're now under investigation for having bribed foreign officials during that period of time.
2004-10-05,EDWARDS,Dem,"Not only that, they've gotten a $7.5 billion no-bid contract in Iraq, and instead of part of their money being withheld, which is the way it's normally done, because they're under investigation, they've continued to get their money."
2004-10-05,CHENEY,Rep,"I can respond, Gwen, but it's going to take more than 30 seconds."
2004-10-05,CHENEY,Rep,"Well, the reason they keep mentioning Halliburton is because they're trying to throw up a smokescreen."
2004-10-05,CHENEY,Rep,They know the charges are false.
2004-10-05,CHENEY,Rep,"They know that if you go, for example, to factcheck.com , an independent Web site sponsored by the University of Pennsylvania, you can get the specific details with respect to Halliburton."
2004-10-05,CHENEY,Rep,"It's an effort that they've made repeatedly to try to confuse the voters and to raise questions, but there's no substance to the charges."
2004-10-05,EDWARDS,Dem,These are the facts.
2004-10-05,EDWARDS,Dem,"The facts are the vice president's company that he was CEO of, that did business with sworn enemies of the United States, paid millions of dollars in fines for providing false financial information, it's under investigation for bribing foreign officials."
2004-10-05,EDWARDS,Dem,"The same company that got a $7.5 billion no-bid contract, the rule is that part of their money is supposed to be withheld when they're under investigation, as they are now, for having overcharged the American taxpayer, but they're getting every dime of their money."
2004-10-05,EDWARDS,Dem,I'm happy to let voters make their own decision about this.
2004-10-05,EDWARDS,Dem,"Well, first of all, I do agree that we've been largely absent, not entirely absent, but largely absent from the peace-making process over the last four years."
2004-10-05,EDWARDS,Dem,And let me just say a couple of preliminary things and then talk about where we are now.
2004-10-05,EDWARDS,Dem,"First, the Israeli people not only have the right to defend themselves, they should defend themselves."
2004-10-05,EDWARDS,Dem,They have an obligation to defend themselves.
2004-10-05,EDWARDS,Dem,"I mean, if I can, just for a moment, tell you a personal story."
2004-10-05,EDWARDS,Dem,"I was in Jerusalem a couple of years ago, actually three years ago, in August of 2001, staying at the King David Hotel."
2004-10-05,EDWARDS,Dem,"We left in the morning, headed to the airport to leave, and later in the day I found out that that same day, not far from where we were staying, the Sbarro Pizzeria was hit by a suicide bomber in Jerusalem."
2004-10-05,EDWARDS,Dem,Fifteen people were killed.
2004-10-05,EDWARDS,Dem,Six children were killed.
2004-10-05,EDWARDS,Dem,What are the Israeli people supposed to do?
2004-10-05,EDWARDS,Dem,"How can they continue to watch Israeli children killed by suicide bombers, killed by terrorists?"
2004-10-05,EDWARDS,Dem,They have not only the right to the obligation to defend themselves.
2004-10-05,EDWARDS,Dem,"Now, we know that the prime minister has made a decision, an historic decision, to unilaterally withdraw from Gaza."
2004-10-05,EDWARDS,Dem,It's important for America to participate in helping with that process.
2004-10-05,EDWARDS,Dem,"Now, if Gaza's being used as a platform for attacking the Israeli people, that has to be stopped."
2004-10-05,EDWARDS,Dem,And Israel has a right to defend itself.
2004-10-05,EDWARDS,Dem,They don't have a partner for peace right now.
2004-10-05,EDWARDS,Dem,"They certainly don't have a partner in Arafat, and they need a legitimate partner for peace."
2004-10-05,EDWARDS,Dem,"And I might add, it is very important for America to crack down on the Saudis who have not had a public prosecution for financing terrorism since 9/11."
2004-10-05,EDWARDS,Dem,"And it's important for America to confront the situation in Iran, because Iran is an enormous threat to Israel and to the Israeli people."
2004-10-05,CHENEY,Rep,"Gwen, I want to go back to the last comment, and then I'll come back to Israel-Palestine."
2004-10-05,CHENEY,Rep,The reason they keep trying to attack Halliburton is because they want to obscure their own record.
2004-10-05,CHENEY,Rep,"And Senator, frankly, you have a record in the Senate that's not very distinguished."
2004-10-05,CHENEY,Rep,"You've missed 33 out of 36 meetings in the Judiciary Committee, almost 70 percent of the meetings of the Intelligence Committee."
2004-10-05,CHENEY,Rep,"You've missed a lot of key votes: on tax policy, on energy, on Medicare reform."
2004-10-05,CHENEY,Rep,"Your hometown newspaper has taken to calling you ""Senator Gone."" You've got one of the worst attendance records in the United States Senate."
2004-10-05,CHENEY,Rep,"Now, in my capacity as vice president, I am the president of Senate, the presiding officer."
2004-10-05,CHENEY,Rep,I'm up in the Senate most Tuesdays when they're in session.
2004-10-05,CHENEY,Rep,The first time I ever met you was when you walked on the stage tonight.
2004-10-05,CHENEY,Rep,"In respect to Israel and Palestine, Gwen, the suicide bombers, in part, were generated by Saddam Hussein, who paid $25,000 to the families of suicide bombers."
2004-10-05,CHENEY,Rep,I personally think one of the reasons that we don't have as many suicide attacks today in Israel as we've had in the past is because Saddam is no longer in business.
2004-10-05,CHENEY,Rep,We've been strong supporters of Israel.
2004-10-05,CHENEY,Rep,The president stepped forward and put in place a policy basically that said we will support the establishment of two states.
2004-10-05,CHENEY,Rep,First president ever to say we'll establish and support a Palestinian state nextdoor to Israelis.
2004-10-05,CHENEY,Rep,"But first, there has to be an interlocutor you can trust and deal with."
2004-10-05,CHENEY,Rep,"And we won't have that, we don't have it now, in a Yasser Arafat."
2004-10-05,CHENEY,Rep,There has to be reform of the Palestinian system.
2004-10-05,EDWARDS,Dem,That was a complete distortion of my record.
2004-10-05,EDWARDS,Dem,I know that won't come as a shock.
2004-10-05,EDWARDS,Dem,"The vice president, I'm surprised to hear him talk about records."
2004-10-05,EDWARDS,Dem,"When he was one of 435 members of the United States House, he was one of 10 to vote against Head Start, one of four to vote against banning plastic weapons that can pass through metal detectors."
2004-10-05,EDWARDS,Dem,He voted against the Department of Education.
2004-10-05,EDWARDS,Dem,He voted against funding for Meals on Wheels for seniors.
2004-10-05,EDWARDS,Dem,He voted against a holiday for Martin Luther King.
2004-10-05,EDWARDS,Dem,He voted against a resolution calling for the release of Nelson Mandela in South Africa.
2004-10-05,EDWARDS,Dem,It's amazing to hear him criticize either my record or John Kerry's.
2004-10-05,CHENEY,Rep,"Oh, I think his record speaks for itself."
2004-10-05,CHENEY,Rep,"And frankly, it's not very distinguished."
2004-10-05,CHENEY,Rep,I think it goes to Senator Edwards.
2004-10-05,CHENEY,Rep,I concede the point.
2004-10-05,EDWARDS,Dem,"No, I did talk about it, Israel."
2004-10-05,EDWARDS,Dem,He's the one who didn't talk about it.
2004-10-05,CHENEY,Rep,"Well, Gwen, there are several things that I think need to be done and are being done."
2004-10-05,CHENEY,Rep,"We've, of course, been through a difficult recession, and then the aftermath of 9/11, where we lost over a million jobs after that attack."
2004-10-05,CHENEY,Rep,"But we think the key is to address some basic, fundamental issues that the president's already working on."
2004-10-05,CHENEY,Rep,I think probably the most successful thing we can do with respect to ending poverty is to get people jobs.
2004-10-05,CHENEY,Rep,"There's no better antidote to poverty than a good, well-paying job that allows somebody to take care of their own family."
2004-10-05,CHENEY,Rep,"To do that, we have to make America the best place in the world to do business."
2004-10-05,CHENEY,Rep,And that means we've got to deal effectively with tax policy.
2004-10-05,CHENEY,Rep,We've got to reduce the litigation costs that are built into our society.
2004-10-05,CHENEY,Rep,"We've got to provide the adequate medical care and make certain that we can, in fact, create the opportunities that are vital to that process."
2004-10-05,CHENEY,Rep,"I'd zero in, in particular, on education."
2004-10-05,CHENEY,Rep,I think the most important thing we can do is have a first-class public school system.
2004-10-05,CHENEY,Rep,I'm a product of public schools.
2004-10-05,CHENEY,Rep,"And the president, his first legislative priority was the No Child Left Behind Act."
2004-10-05,CHENEY,Rep,It was the first piece of legislation we introduced.
2004-10-05,CHENEY,Rep,We got it passed that first summer on a bipartisan basis.
2004-10-05,CHENEY,Rep,We even had Ted Kennedy on board for the effort.
2004-10-05,CHENEY,Rep,And it does several things.
2004-10-05,CHENEY,Rep,It establishes high standards.
2004-10-05,CHENEY,Rep,"It, at the same time, sets up a system of testing with respect to our school system, so we can establish accountability to parents and make certain that they understand how well their students are doing."
2004-10-05,CHENEY,Rep,And they have the opportunity to move students out of poorly performing schools to good schools.
2004-10-05,CHENEY,Rep,It strikes me that that is absolutely the heart of what needs to be done from the standpoint of education.
2004-10-05,CHENEY,Rep,"It's also important, as we go forward in the next term, we want to be able to take what we've done for elementary education and move it into the secondary education."
2004-10-05,CHENEY,Rep,It's working.
2004-10-05,CHENEY,Rep,We've seen reports now of a reduction in the achievement gap between majority students and minority students.
2004-10-05,CHENEY,Rep,We're making significant progress.
2004-10-05,EDWARDS,Dem,"Gwen, your question was about jobs?"
2004-10-05,EDWARDS,Dem,I thought it was about jobs and poverty.
2004-10-05,EDWARDS,Dem,"I hope we get a chance to talk about education, but that's what the vice president talked about."
2004-10-05,EDWARDS,Dem,"Here's what's happened: In the time that they have been in office, in the last four years, 1.6 million private sector jobs have been lost, 2.7 million manufacturing jobs have been lost."
2004-10-05,EDWARDS,Dem,And it's had real consequences in places like Cleveland.
2004-10-05,EDWARDS,Dem,"Cleveland is a wonderful, distinguished city that's done a lot of great things, but it has the highest poverty rate in the country."
2004-10-05,EDWARDS,Dem,One out of almost two children in Cleveland are now living in poverty.
2004-10-05,EDWARDS,Dem,"During the time that the vice president and the president have been in office, 4 million more Americans have fallen into poverty."
2004-10-05,EDWARDS,Dem,"During the time that the vice president and the president have been in office, 4 million more Americans have fallen into poverty."
2004-10-05,EDWARDS,Dem,"And what the most striking and startling thing is, they are the first presidency in 70 years -- and I'm talking Democrats, Republican, presidents who led us through World War, through the Korean War, the Vietnam War, Cold War -- every one of them created jobs until this president."
2004-10-05,EDWARDS,Dem,We have to do better.
2004-10-05,EDWARDS,Dem,We have a plan.
2004-10-05,EDWARDS,Dem,"We're going to get rid of -- by the way, they're for outsourcing jobs."
2004-10-05,EDWARDS,Dem,"I want to make sure people hear that, the fundamental difference with us."
2004-10-05,EDWARDS,Dem,The administration says over and over that the outsourcing of millions of American jobs is good.
2004-10-05,EDWARDS,Dem,We're against it.
2004-10-05,EDWARDS,Dem,We want to get rid of tax cuts for companies sending jobs overseas.
2004-10-05,EDWARDS,Dem,"We want to balance this budget, get back to fiscal responsibility."
2004-10-05,EDWARDS,Dem,"And we want to invest in the creative, innovative jobs of the future."
2004-10-05,CHENEY,Rep,"Gwen, we've got 111 million American taxpayers that have benefited from our income tax cuts."
2004-10-05,CHENEY,Rep,We've got 33 million students who've benefited from No Child Left Behind.
2004-10-05,CHENEY,Rep,We've got 40 million seniors who benefited from the reform of the Medicare system.
2004-10-05,CHENEY,Rep,The Democrats promised prescription drug benefits.
2004-10-05,CHENEY,Rep,For years they've run on that platform.
2004-10-05,CHENEY,Rep,They never got it done.
2004-10-05,CHENEY,Rep,The president got it done.
2004-10-05,CHENEY,Rep,"We also dropped 5 million people totally off the federal income tax rolls, so they no longer have to pay any federal income tax at all."
2004-10-05,CHENEY,Rep,"So the story, I think, is a good one."
2004-10-05,CHENEY,Rep,And the data he's using is old data.
2004-10-05,CHENEY,Rep,It's from 2003.
2004-10-05,CHENEY,Rep,It doesn't include any of the gains that we've made in the last years.
2004-10-05,CHENEY,Rep,We've added 1.7 million jobs to the economy.
2004-10-05,EDWARDS,Dem,The vice president and president like to talk about their experience on the campaign trail.
2004-10-05,EDWARDS,Dem,Millions of people have lost their jobs.
2004-10-05,EDWARDS,Dem,Millions have fallen into poverty.
2004-10-05,EDWARDS,Dem,"Family incomes are down, while the cost of everything is going up."
2004-10-05,EDWARDS,Dem,Medical costs are up the highest they've ever been over the last four years.
2004-10-05,EDWARDS,Dem,We have this mess in Iraq.
2004-10-05,EDWARDS,Dem,Mr.
2004-10-05,EDWARDS,Dem,"Vice President, I don't think the country can take four more years of this kind of experience."
2004-10-05,EDWARDS,Dem,Because we will do what they've not done.
2004-10-05,EDWARDS,Dem,"You know, if you look at what's happened over the last four years, we have gone from a $5 trillion projected surplus when George Bush took office to a $3 trillion projected deficit."
2004-10-05,EDWARDS,Dem,They promised they were going to put $2 trillion of the surplus aside from Social Security.
2004-10-05,EDWARDS,Dem,Not done.
2004-10-05,EDWARDS,Dem,"Not only that, it's the biggest fiscal turnaround in American history."
2004-10-05,EDWARDS,Dem,And there's no end in sight.
2004-10-05,EDWARDS,Dem,"The Washington Post just reported they have several trillion dollars of additional tax cuts and spending, no suggestion of what they're going to do about it."
2004-10-05,EDWARDS,Dem,John Kerry and I believe we have a moral responsibility not to leave trillions of debt to our children and our grandchildren.
2004-10-05,EDWARDS,Dem,"So here's what we're going to do, to answer you question."
2004-10-05,EDWARDS,Dem,"To pay for the things that we believe need to be done -- and I hope to get the chance to talk about health care and also about education, because we have plans on both of those subjects -- what we're going to do is roll back tax cuts."
2004-10-05,EDWARDS,Dem,"And I want everyone to hear this, because there have been exaggerations made on the campaign trail: Roll back tax cuts for people who make over $200,000 a year; we will do that."
2004-10-05,EDWARDS,Dem,"We want to keep the tax cuts that are in place for people who make less than $200,000 a year and give additional tax cuts to those middle-class families, tax cuts for health care, tax cuts to help families pay for their college tuition, tax cuts for child care."
2004-10-05,EDWARDS,Dem,"These families are struggling and hurting, and they need more tax relief, not less tax relief."
2004-10-05,EDWARDS,Dem,"But to help get us back on the path to a balanced budget, we also want to get rid of some of the bureaucratic spending in Washington."
2004-10-05,EDWARDS,Dem,"One of the amazing things that's happened is they've actually layered on more supervisory people, people at the supervisory level, in this government."
2004-10-05,EDWARDS,Dem,We also want to close some corporate loopholes.
2004-10-05,EDWARDS,Dem,"Now, I want to be honest with people."
2004-10-05,EDWARDS,Dem,We can't eliminate this deficit.
2004-10-05,EDWARDS,Dem,People have heard that over and over and over in four years.
2004-10-05,EDWARDS,Dem,We cannot do it.
2004-10-05,EDWARDS,Dem,We're in too deep a hole.
2004-10-05,EDWARDS,Dem,But we can cut the deficit in half.
2004-10-05,EDWARDS,Dem,"And if we move, we can move this country back on a path to fiscal responsibility."
2004-10-05,CHENEY,Rep,"Gwen, the Kerry record on taxes is one basically of voting for a large number of tax increases -- 98 times in the United States Senate."
2004-10-05,CHENEY,Rep,"There's a fundamental philosophical difference here between the president and myself, who believe that we ought to let the American people keep more of what they earn and we ought to empower them to have more control over their own lives -- I think the Kerry-Edwards approach basically is to raise taxes and to give government more control over the lives of individual citizens."
2004-10-05,CHENEY,Rep,We think that's the wrong way to go.
2004-10-05,CHENEY,Rep,There's a fundamental difference of opinion here.
2004-10-05,CHENEY,Rep,They talk about the top bracket and going after only those people in the top bracket.
2004-10-05,CHENEY,Rep,"Well, the fact of the matter is a great many of our small businesses pay taxes under the personal income taxes rather than the corporate rate."
2004-10-05,CHENEY,Rep,"And about 900,000 small businesses will be hit if you do, in fact, do what they want to do with the top bracket."
2004-10-05,CHENEY,Rep,That's not smart because seven out of 10 new jobs in America are created by small businesses.
2004-10-05,CHENEY,Rep,You do not want to tax them.
2004-10-05,CHENEY,Rep,It's a bad idea to increase the burden on those folks.
2004-10-05,CHENEY,Rep,"The senator himself said, during the course of the primaries, that the Kerry plan would drive us deeper into deficit."
2004-10-05,CHENEY,Rep,Those were the senator's word about his running-mate.
2004-10-05,CHENEY,Rep,"The fact of the matter is, the president and I will go forward to make the tax cuts permanent."
2004-10-05,CHENEY,Rep,That's good policy.
2004-10-05,CHENEY,Rep,That's what we ought to do.
2004-10-05,CHENEY,Rep,"But with fiscal restraint, we'll also drive the deficit down 50 percent in the course of the next five years."
2004-10-05,EDWARDS,Dem,We are committed to cutting back anything in our programs that need to be cut back to get us back on a path to fiscal responsibility.
2004-10-05,EDWARDS,Dem,"John Kerry, Mr."
2004-10-05,EDWARDS,Dem,"Vice President, has voted or co-sponsored over 600 times tax cuts for the American people -- over 600 times."
2004-10-05,EDWARDS,Dem,And there is a philosophical difference between us and them.
2004-10-05,EDWARDS,Dem,"We are for more tax cuts for the middle class than they're for, have been for the last four years."
2004-10-05,EDWARDS,Dem,But we are not for more tax cuts for multimillionaires.
2004-10-05,EDWARDS,Dem,They are.
2004-10-05,EDWARDS,Dem,And it is a fundamental difference in what we think needs to be done in this country.
2004-10-05,CHENEY,Rep,"Yesterday, the president signed an extension of middle- class tax cuts, the 10 percent bracket, the marriage penalty relief and the increase in the child tax credit."
2004-10-05,CHENEY,Rep,Senators Kerry and Edwards weren't even there to vote for it when it came to final passage.
2004-10-05,CHENEY,Rep,"Gwen, you're right, four years ago in this debate, the subject came up."
2004-10-05,CHENEY,Rep,And I said then and I believe today that freedom does mean freedom for everybody.
2004-10-05,CHENEY,Rep,People ought to be free to choose any arrangement they want.
2004-10-05,CHENEY,Rep,It's really no one else's business.
2004-10-05,CHENEY,Rep,"That's a separate question from the issue of whether or not government should sanction or approve or give some sort of authorization, if you will, to these relationships."
2004-10-05,CHENEY,Rep,"Traditionally, that's been an issue for the states."
2004-10-05,CHENEY,Rep,"States have regulated marriage, if you will."
2004-10-05,CHENEY,Rep,That would be my preference.
2004-10-05,CHENEY,Rep,"In effect, what's happened is that in recent months, especially in Massachusetts, but also in California, but in Massachusetts we had the Massachusetts Supreme Court direct the state of -- the legislature of Massachusetts to modify their constitution to allow gay marriage."
2004-10-05,CHENEY,Rep,"And the fact is that the president felt that it was important to make it clear that that's the wrong way to go, as far as he's concerned."
2004-10-05,CHENEY,Rep,"Now, he sets the policy for this administration, and I support the president."
2004-10-05,EDWARDS,Dem,Yes.
2004-10-05,EDWARDS,Dem,"Let me say first, on an issue that the vice president said in his last answer before we got to this question, talking about tax policy, the country needs to know that under what they have put in place and want to put in place, a millionaire sitting by their swimming pool, collecting their statements to see how much money they're making, make their money from dividends, pays a lower tax rate than the men and women who are receiving paychecks for serving on the ground in Iraq."
2004-10-05,EDWARDS,Dem,"Now, they may think that's right."
2004-10-05,EDWARDS,Dem,John Kerry and I do not.
2004-10-05,EDWARDS,Dem,"We don't just value wealth, which they do."
2004-10-05,EDWARDS,Dem,We value work in this country.
2004-10-05,EDWARDS,Dem,And it is a fundamental value difference between them and us.
2004-10-05,EDWARDS,Dem,"Now, as to this question, let me say first that I think the vice president and his wife love their daughter."
2004-10-05,EDWARDS,Dem,I think they love her very much.
2004-10-05,EDWARDS,Dem,"And you can't have anything but respect for the fact that they're willing to talk about the fact that they have a gay daughter, the fact that they embrace her."
2004-10-05,EDWARDS,Dem,It's a wonderful thing.
2004-10-05,EDWARDS,Dem,"And there are millions of parents like that who love their children, who want their children to be happy."
2004-10-05,EDWARDS,Dem,"And I believe that marriage is between a man and a woman, and so does John Kerry."
2004-10-05,EDWARDS,Dem,"I also believe that there should be partnership benefits for gay and lesbian couples in long-term, committed relationships."
2004-10-05,EDWARDS,Dem,But we should not use the Constitution to divide this country.
2004-10-05,EDWARDS,Dem,No state for the last 200 years has ever had to recognize another state's marriage.
2004-10-05,EDWARDS,Dem,"This is using the Constitution as a political tool, and it's wrong."
2004-10-05,EDWARDS,Dem,No.
2004-10-05,EDWARDS,Dem,I think we've both said the same thing all along.
2004-10-05,EDWARDS,Dem,We both believe that -- and this goes onto the end of what I just talked about -- we both believe that marriage is between a man and a woman.
2004-10-05,EDWARDS,Dem,"But we also believe that gay and lesbians and gay and lesbian couples, those who have been in long-term relationships, deserve to be treated respectfully, they deserve to have benefits."
2004-10-05,EDWARDS,Dem,"For example, a gay couple now has a very difficult time, one, visiting the other when they're in the hospital, or, for example, if, heaven forbid, one of them were to pass away, they have trouble even arranging the funeral."
2004-10-05,EDWARDS,Dem,"I mean, those are not the kind of things that John Kerry and I believe in."
2004-10-05,EDWARDS,Dem,I suspect the vice president himself does not believe in that.
2004-10-05,EDWARDS,Dem,But we don't -- we do believe that marriage should be between a man and a woman.
2004-10-05,EDWARDS,Dem,"And I want to go back, if I can, to the question you just asked, which is this constitutional amendment."
2004-10-05,EDWARDS,Dem,I want to make sure people understand that the president is proposing a constitutional amendment to ban gay marriage that is completely unnecessary.
2004-10-05,EDWARDS,Dem,"Under the law of this country for the last 200 years, no state has been required to recognize another state's marriage."
2004-10-05,EDWARDS,Dem,Let me just be simple about this.
2004-10-05,EDWARDS,Dem,"My state of North Carolina would not be required to recognize a marriage from Massachusetts, which you just asked about."
2004-10-05,EDWARDS,Dem,There is absolutely no purpose in the law and in reality for this amendment.
2004-10-05,EDWARDS,Dem,It's nothing but a political tool.
2004-10-05,EDWARDS,Dem,And it's being used in an effort to divide this country on an issue that we should not be dividing America on.
2004-10-05,EDWARDS,Dem,"We ought to be talking about issues like health care and jobs and what's happening in Iraq, not using an issue to divide this country in a way that's solely for political purposes."
2004-10-05,EDWARDS,Dem,It's wrong.
2004-10-05,CHENEY,Rep,"Well, Gwen, let me simply thank the senator for the kind words he said about my family and our daughter."
2004-10-05,CHENEY,Rep,I appreciate that very much.
2004-10-05,CHENEY,Rep,That's it.
2004-10-05,CHENEY,Rep,"Well, Gwen..."
2004-10-05,EDWARDS,Dem,Yes.
2004-10-05,EDWARDS,Dem,"Well let me say, first of all, I'm proud of the work I did on behalf of kids and families against big insurance companies, big drug companies and big HMOs."
2004-10-05,EDWARDS,Dem,We do have too many lawsuits.
2004-10-05,EDWARDS,Dem,And the reality is there's something that we can do about it.
2004-10-05,EDWARDS,Dem,John Kerry and I have a plan to do something about it.
2004-10-05,EDWARDS,Dem,"We want to put more responsibility on the lawyers to require, before a case, malpractice, which the vice president just spoke about, have the case reviewed by independent experts to determine if the case is serious and meritorious before it can be filed; hold the lawyers responsible for that, certify that and hold the lawyer financially responsible if they don't do it; have a three-strikes-and-you're-out rule so that a lawyer who files three of these cases without meeting this requirement loses their right to file these cases."
2004-10-05,EDWARDS,Dem,That way we keep the cases out of the system that don't belong in the system.
2004-10-05,EDWARDS,Dem,They talk about frivolous cases.
2004-10-05,EDWARDS,Dem,We believe cases that don't belong in the system should never be in the system.
2004-10-05,EDWARDS,Dem,"But we don't believe that we should take away the right of people like Valerie Lakey, who was the young girl who I represented, five years old, severely injured for life, on a defective swimming pool drain cover."
2004-10-05,EDWARDS,Dem,It turns out the company knew of 12 other children who had either been killed or severely injured by the same problem.
2004-10-05,EDWARDS,Dem,They hid it.
2004-10-05,EDWARDS,Dem,They didn't tell anybody.
2004-10-05,EDWARDS,Dem,They could have fixed it with a 2-cent screw.
2004-10-05,EDWARDS,Dem,That's wrong.
2004-10-05,EDWARDS,Dem,"John Kerry and I are always going to stand with the Valerie Lakeys of the world, and not with the insurance companies."
2004-10-05,EDWARDS,Dem,Am I personally attacked?
2004-10-05,EDWARDS,Dem,"I think the truth is that what they're doing is talking about an issue that really doesn't have a great deal to do with what's happening with medical policy in this country, which I think is a very serious issue."
2004-10-05,EDWARDS,Dem,"And I would be the first to say that what the vice president described a few minutes ago, problems with malpractice premiums, that's true, it's real."
2004-10-05,EDWARDS,Dem,It's very real.
2004-10-05,EDWARDS,Dem,What doctors talk about is very serious.
2004-10-05,EDWARDS,Dem,And they're getting squeezed from both sides.
2004-10-05,EDWARDS,Dem,"I mean, because, they have trouble getting reimbursed, first of all, for the care that they provide, you know, from the government or from health-care companies."
2004-10-05,EDWARDS,Dem,"And, on the flip side, their malpractice costs are going up."
2004-10-05,EDWARDS,Dem,"That's very real, which is why we have proposed a plan to keep cases out of the system that don't belong there."
2004-10-05,EDWARDS,Dem,But it's very important to put this in context.
2004-10-05,EDWARDS,Dem,"Because, in context, everything they're proposing, according to the bipartisan Congressional Budget Office, amounts to about half of 1 percent of health-care costs in this country -- half of 1 percent."
2004-10-05,EDWARDS,Dem,We have double-digit inflation in health care costs.
2004-10-05,EDWARDS,Dem,"We've seen the largest rise in medical costs in the last four years in the country's history: $3,500 nationally."
2004-10-05,EDWARDS,Dem,And nobody who's watching this debate needs me to explain this to them.
2004-10-05,EDWARDS,Dem,They know it.
2004-10-05,EDWARDS,Dem,Medicare premiums are up 17 percent on their watch.
2004-10-05,EDWARDS,Dem,"Again, largest increase in Medicare premiums in the history of Medicare."
2004-10-05,EDWARDS,Dem,"We think we have a plan to keep cases that don't belong in the system out, but we also do what they haven't done."
2004-10-05,EDWARDS,Dem,Five million Americans have lost their health care coverage.
2004-10-05,EDWARDS,Dem,Medical costs are skyrocketing.
2004-10-05,EDWARDS,Dem,"We have a serious health care plan to bring down costs for everybody, to cover millions more Americans and to actually stand up to drug companies and insurance companies which this administration has been unwilling to do."
2004-10-05,CHENEY,Rep,"Gwen, we think lawsuit abuse is a serious problem in this country."
2004-10-05,CHENEY,Rep,We think we badly need tort reform.
2004-10-05,CHENEY,Rep,"I was in Minnesota the other day, where I visited an aircraft manufacturing plant."
2004-10-05,CHENEY,Rep,It's a great success story.
2004-10-05,CHENEY,Rep,This is a company that started 20 years ago with nothing.
2004-10-05,CHENEY,Rep,Today they're the second- leading producer of piston-driven aircraft in the country.
2004-10-05,CHENEY,Rep,"He told me that if it weren't for the increased cost of his liability insurance, in this case product liability, he could hire 200 more people in his factory."
2004-10-05,CHENEY,Rep,We've built into the system enormous costs as a result of our practice with respect to litigation.
2004-10-05,CHENEY,Rep,We have to find ways to get a handle on it.
2004-10-05,CHENEY,Rep,"He mentioned Medicare up 17 percent, somehow that that was something we caused."
2004-10-05,CHENEY,Rep,No.
2004-10-05,CHENEY,Rep,The 17 percent increase in Medicare premiums was the direct result of a statute adopted in 1997.
2004-10-05,CHENEY,Rep,John Kerry voted for it.
2004-10-05,CHENEY,Rep,"It establishes the formula for Part B of Medicare that says, in effect, it has to cover 25 percent of the cost of the program."
2004-10-05,CHENEY,Rep,And the reason the money had to go into the trust fund was to make certain that we could cover those eligible for benefits.
2004-10-05,CHENEY,Rep,"While you were in private practice in law and as a senator, you had the advantage of a special tax loophole, Subchapter S corporation, which you set up so you could avoid paying $600,000 in Medicare taxes that would have gone into the fund."
2004-10-05,CHENEY,Rep,"And it's those kinds of loopholes that necessitate a premium increase under the law that was enacted in 1997, supported by John Kerry."
2004-10-05,EDWARDS,Dem,"Well, first of all, I have paid all the taxes that I owe."
2004-10-05,EDWARDS,Dem,"When the vice president was CEO of Halliburton, they took advantage of every offshore loophole available."
2004-10-05,EDWARDS,Dem,They had multiple offshore companies that were avoiding taxes.
2004-10-05,EDWARDS,Dem,Those are the kind of things that ought to be closed.
2004-10-05,EDWARDS,Dem,They ought to be closed.
2004-10-05,EDWARDS,Dem,They ought to be closed for anybody.
2004-10-05,EDWARDS,Dem,"They ought to be closed whether they're personal, and they ought to be closed whether they apply to a corporation."
2004-10-05,EDWARDS,Dem,"But the reality is health care costs are going up every day for the American people, and I hope we're going to get a chance to talk more about health care."
2004-10-05,CHENEY,Rep,We've done a lot to reduce the cost of health care.
2004-10-05,CHENEY,Rep,"The Medicare drug benefit that we'll be providing to seniors beginning in '06 will provide upwards to $1,300 a year to help them buy prescription drugs."
2004-10-05,CHENEY,Rep,The drug savings -- drug discount card that's now available saves an estimated 15 percent to 30 percent off the cost of prescription drugs for senior citizens.
2004-10-05,CHENEY,Rep,So we're moving in as many areas as we can to make certain we hold down and reduce the health care costs.
2004-10-05,CHENEY,Rep,"Well, this is a great tragedy, Gwen, when you think about the enormous cost here in the United States and around the world of the AIDS epidemic -- pandemic, really."
2004-10-05,CHENEY,Rep,"Millions of lives lost, millions more infected and facing a very bleak future."
2004-10-05,CHENEY,Rep,"In some parts of the world, we've got the entire, sort of, productive generation has been eliminated as a result of AIDS, all except for old folks and kids -- nobody to do the basic work that runs an economy."
2004-10-05,CHENEY,Rep,The president has been deeply concerned about it.
2004-10-05,CHENEY,Rep,"He has moved and proposed and gotten through the Congress authorization for $15 billion to help in the international effort, to be targeted in those places where we need to do everything we can, through a combination of education as well as providing the kinds of medicines that will help people control the infection."
2004-10-05,CHENEY,Rep,"Here in the United States, we've made significant progress."
2004-10-05,CHENEY,Rep,I have not heard those numbers with respect to African- American women.
2004-10-05,CHENEY,Rep,"I was not aware that it was -- that they're in epidemic there, because we have made progress in terms of the overall rate of AIDS infection, and I think primarily through a combination of education and public awareness as well as the development, as a result of research, of drugs that allow people to live longer lives even though they are infected -- obviously we need to do more of that."
2004-10-05,EDWARDS,Dem,"Well, first, with respect to what's happening in Africa and Russia and in other places around the world, the vice president spoke about the $15 billion for AIDS."
2004-10-05,EDWARDS,Dem,John Kerry and I believe that needs to be doubled.
2004-10-05,EDWARDS,Dem,"And I might add, on the first year of their commitment, they came up significantly short of what they had promised."
2004-10-05,EDWARDS,Dem,And we probably won't get a chance to talk about Africa.
2004-10-05,EDWARDS,Dem,Let me just say a couple of things.
2004-10-05,EDWARDS,Dem,"The AIDS epidemic in Africa, which is killing millions and millions of people and is a frightening thing not just for the people of Africa but also for the rest of the world, that, combined with the genocide that we're now seeing in Sudan, are two huge moral issues for the United States of America, which John Kerry spoke about eloquently last Thursday night."
2004-10-05,EDWARDS,Dem,Here at home we need to do much more.
2004-10-05,EDWARDS,Dem,"And the vice president spoke about doing research, making sure we have the drugs available, making sure that we do everything possible to have prevention."
2004-10-05,EDWARDS,Dem,But it's a bigger question than that.
2004-10-05,EDWARDS,Dem,"You know, we have 5 million Americans who've lost their health care coverage in the last four years; 45 million Americans without health care coverage."
2004-10-05,EDWARDS,Dem,We have children who don't have health care coverage.
2004-10-05,EDWARDS,Dem,"If kids and adults don't have access to preventative care, if they're not getting the health care that they need day after day after day, the possibility of not only developing AIDS and having a problem -- having a problem -- a life-threatening problem, but the problem of developing other life-threatening diseases is there every day of their lives."
2004-10-05,EDWARDS,Dem,The American people want in their president and in their vice president basically three things: They want to know that their president and their vice president will keep them safe.
2004-10-05,EDWARDS,Dem,They want to know that they have good judgment.
2004-10-05,EDWARDS,Dem,And they want to know that you'll tell them the truth.
2004-10-05,EDWARDS,Dem,John Kerry and I will tell the American people the truth.
2004-10-05,EDWARDS,Dem,"During the time that I have served on the Intelligence Committee in the Senate, traveling to some of the places we've talked about tonight -- Afghanistan, Pakistan, the Middle East, Turkey -- meeting with the leaders of NATO, I have a very clear idea of what has to be done to keep this country safe."
2004-10-05,EDWARDS,Dem,"The threats we face: terrorism, killing terrorists and stopping them before they can do damage to us, making sure that we stop the spread of nuclear weapons."
2004-10-05,EDWARDS,Dem,"I agree with John Kerry from Thursday night, that the danger of nuclear weapons getting in the hands of terrorists is one of the greatest threats that America faces."
2004-10-05,EDWARDS,Dem,"But the one thing that we know from this administration is -- and I -- first of all, I don't claim to have the long political resume that Vice President Cheney has."
2004-10-05,EDWARDS,Dem,"That's just the truth, and the American people know that and deserve to know it."
2004-10-05,EDWARDS,Dem,But what we know from this administration is that a long resume does not equal good judgment.
2004-10-05,EDWARDS,Dem,Here are the judgments I would make: My first priority would be to keep this country safe.
2004-10-05,EDWARDS,Dem,I would find terrorists where they are and stop them and kill them before they do harm to us.
2004-10-05,EDWARDS,Dem,We would stop the spread of nuclear weapons.
2004-10-05,EDWARDS,Dem,"And we would also strengthen this military, which means providing the equipment and training that they need."
2004-10-05,EDWARDS,Dem,"We want to raise the active-duty forces by 40,000, double the special forces so we can find terrorists where they are, and provide the kind of support for families -- health care, housing -- that they deserve while their loved ones are serving and protecting us."
2004-10-05,EDWARDS,Dem,IFILL: Mr.
2004-10-05,EDWARDS,Dem,"Vice President, you have 90 seconds."
2004-10-05,CHENEY,Rep,You want me to answer a question about his qualifications?
2004-10-05,CHENEY,Rep,I see.
2004-10-05,CHENEY,Rep,"Well, I think the important thing in picking a vice president probably varies from president to president."
2004-10-05,CHENEY,Rep,Different presidents approach it in different ways.
2004-10-05,CHENEY,Rep,"When George Bush asked me to sign on, it obviously wasn't because he was worried about carrying Wyoming."
2004-10-05,CHENEY,Rep,"We got 70 percent of the vote in Wyoming, although those three electoral votes turned out to be pretty important last time around."
2004-10-05,CHENEY,Rep,"What he said he wanted me to do was to sign on because of my experience to be a member of the team, to help him govern, and that's exactly the way he's used me."
2004-10-05,CHENEY,Rep,"And I think from the perspective of the nation, it's worked in our relationship, in this administration."
2004-10-05,CHENEY,Rep,I think it's worked in part because I made it clear that I don't have any further political aspirations myself.
2004-10-05,CHENEY,Rep,And I think that's been an advantage.
2004-10-05,CHENEY,Rep,I think it allows the president to know that my only agenda is his agenda.
2004-10-05,CHENEY,Rep,I'm not worried about what some precinct committeemen in Iowa were thinking of me with respect to the next round of caucuses of 2008.
2004-10-05,CHENEY,Rep,It's a very significant responsibility when you consider that at a moment's notice you may have to take over as president of the United States and make all of those decisions.
2004-10-05,CHENEY,Rep,It's happened several times in our history.
2004-10-05,CHENEY,Rep,"And I think that probably is the most important consideration in picking a vice president, somebody who could take over."
2004-10-05,EDWARDS,Dem,I think the most important thing I've learned from this process is what I now know about John Kerry.
2004-10-05,EDWARDS,Dem,I knew him before.
2004-10-05,EDWARDS,Dem,I know him better now.
2004-10-05,EDWARDS,Dem,He's the one candidate who's led troops in battle.
2004-10-05,EDWARDS,Dem,"He was a prosecutor, putting people behind bars to protect neighborhoods from crime."
2004-10-05,EDWARDS,Dem,"He fought for 100,000 cops on the street, and went with John McCain to Vietnam to find out what happened to our POWs."
2004-10-05,EDWARDS,Dem,"And the American people saw for themselves on Thursday night the strength, resolve, and backbone that I, myself, have seen in John Kerry."
2004-10-05,EDWARDS,Dem,He is ready to be commander in chief.
2004-10-05,EDWARDS,Dem,IFILL: Mr.
2004-10-05,EDWARDS,Dem,"Vice President, you have 30 seconds to respond."
2004-10-05,CHENEY,Rep,"Well, I clearly believe that George W."
2004-10-05,CHENEY,Rep,Bush would be a better commander in chief.
2004-10-05,CHENEY,Rep,He's already done it for four years.
2004-10-05,CHENEY,Rep,"And he's demonstrated, without question, the conviction, the vision, the determination to win this war against terror."
2004-10-05,CHENEY,Rep,He understands it's a global conflict that reaches from the United States all the way around the globe to Jakarta.
2004-10-05,CHENEY,Rep,And those very special qualities are vital in a commander in chief.
2004-10-05,CHENEY,Rep,"And I think the president has them, and I'm not at all convinced his opponent does."
2004-10-05,CHENEY,Rep,Why I am different from John Edwards.
2004-10-05,CHENEY,Rep,"Well, in some respects, I think, probably there are more similarities than there are differences in our personal story."
2004-10-05,CHENEY,Rep,"I don't talk about myself very much, but I've heard Senator Edwards, and as I listen to him, I find some similarities."
2004-10-05,CHENEY,Rep,I come from relatively modest circumstances.
2004-10-05,CHENEY,Rep,My grandfather never even went to high school.
2004-10-05,CHENEY,Rep,I'm the first in my family to graduate from college.
2004-10-05,CHENEY,Rep,I carried a ticket in the International Brotherhood of Electrical Workers for six years.
2004-10-05,CHENEY,Rep,"I've been laid off, been hospitalized without health insurance."
2004-10-05,CHENEY,Rep,So I have some idea of the problems that people encounter.
2004-10-05,CHENEY,Rep,"So I think the personal stories are, in some respects, surprisingly similar."
2004-10-05,CHENEY,Rep,"With respect to how we've spent our careers, I obviously made a choice for public service."
2004-10-05,CHENEY,Rep,"And I've been at it for a good long time now, except for those periods when we lost elections."
2004-10-05,CHENEY,Rep,"And that goes with the turf, as well, too."
2004-10-05,CHENEY,Rep,"I'm absolutely convinced that the threat we face now, the idea of a terrorist in the middle of one of our cities with a nuclear weapon, is very real and that we have to use extraordinary measures to deal with it."
2004-10-05,CHENEY,Rep,I feel very strongly that the significance of 9/11 cannot be underestimated.
2004-10-05,CHENEY,Rep,"It forces us to think in new ways about strategy, about national security, about how we structure our forces and about how we use U.S."
2004-10-05,CHENEY,Rep,military power.
2004-10-05,CHENEY,Rep,Some people say we should wait until we are attacked before we use force.
2004-10-05,CHENEY,Rep,I would argue we've already been attacked.
2004-10-05,CHENEY,Rep,We lost more people on 9/11 than we lost at Pearl Harbor.
2004-10-05,CHENEY,Rep,And I'm a very strong advocate of a very aggressive policy of going after the terrorists and those who support terror.
2004-10-05,EDWARDS,Dem,Mr.
2004-10-05,EDWARDS,Dem,"Vice President, we were attacked."
2004-10-05,EDWARDS,Dem,But we weren't attacked by Saddam Hussein.
2004-10-05,EDWARDS,Dem,And one thing that John Kerry and I would agree with you about is that it is...
2004-10-05,EDWARDS,Dem,"Oh, I'm sorry."
2004-10-05,EDWARDS,Dem,I broke the rule.
2004-10-05,EDWARDS,Dem,One thing that we agree about is the need to be offensive in going after terrorists.
2004-10-05,EDWARDS,Dem,"The reality is that the best defense is a good offense, which means leading -- America returning to its proud tradition of the last 75 years, of once again leading strong coalitions so we can get at these terrorist cells where they are, before they can do damage to us and to the American people."
2004-10-05,EDWARDS,Dem,"John Kerry made clear on Thursday night that -- I'm sorry, I broke the rules."
2004-10-05,EDWARDS,Dem,"We made clear -- we made clear on Thursday night that we will do that, and we will do it aggressively."
2004-10-05,EDWARDS,Dem,But there are things that need to be done to keep this country safe that have not yet been done.
2004-10-05,EDWARDS,Dem,"For example, three years after 9/11, we find out that the administration still does not have a unified terrorist watch list."
2004-10-05,EDWARDS,Dem,It's amazing.
2004-10-05,EDWARDS,Dem,Three years.
2004-10-05,EDWARDS,Dem,What are we waiting for?
2004-10-05,EDWARDS,Dem,"You know, we still don't have one list that everyone can work off of to see if terrorists are entering this country."
2004-10-05,EDWARDS,Dem,"We're screening our passengers going onto airplanes, but we don't screen the cargo."
2004-10-05,EDWARDS,Dem,There are so many things that could be done to keep this country safe.
2004-10-05,EDWARDS,Dem,"You have to be strong, and you have to be aggressive."
2004-10-05,EDWARDS,Dem,But we also have to be smart.
2004-10-05,EDWARDS,Dem,And there are things that have not been done that need to be done to keep the American people safe.
2004-10-05,CHENEY,Rep,No.
2004-10-05,EDWARDS,Dem,"Well, first of all, let me say that John Kerry has -- I can use his name now?"
2004-10-05,EDWARDS,Dem,OK.
2004-10-05,EDWARDS,Dem,"John Kerry has been, as have I, been completely consistent about Iraq."
2004-10-05,EDWARDS,Dem,We've made very clear from the beginning -- and not an afterthought; we said it at the time -- that we had to confront Saddam Hussein and that we had to have a coalition and a plan to be successful.
2004-10-05,EDWARDS,Dem,"And the vice president didn't say much about it in your earlier question, but Paul Bremer has now made clear that they didn't have enough troops and they didn't have a plan."
2004-10-05,EDWARDS,Dem,"And the American people are seeing the results of that every single day, in spite of the proud and courageous service of our men and women in uniform."
2004-10-05,EDWARDS,Dem,"Now, flip-flops: They should know something about flip-flops."
2004-10-05,EDWARDS,Dem,They've seen a lot of it during their administration.
2004-10-05,EDWARDS,Dem,They were first against the 9/11 Commission; then they were for it.
2004-10-05,EDWARDS,Dem,"They were for a department of homeland security -- I mean, they were against the Department of Homeland Security; then they were for it."
2004-10-05,EDWARDS,Dem,They said they were going to put $2 trillion of the surplus when they came into office aside to protect Social Security; then they changed their minds.
2004-10-05,EDWARDS,Dem,"They said that they supported the troops; and then while our troops were on the ground in Iraq and Afghanistan, they went to the Congress and lobbied to have their combat pay cut."
2004-10-05,EDWARDS,Dem,They said that they were going to do something about health care in this country.
2004-10-05,EDWARDS,Dem,And they've done something: They've made it worse.
2004-10-05,EDWARDS,Dem,They said that they were going to fund their No Child Left Behind; $27 billion short today.
2004-10-05,EDWARDS,Dem,"Over and over, this administration has said one thing and done another."
2004-10-05,EDWARDS,Dem,This president said -- I listened to him the other night at his 2000 debate saying: I'm for a national patients bill of rights.
2004-10-05,EDWARDS,Dem,I know something about this.
2004-10-05,EDWARDS,Dem,"John McCain and Senator Kennedy and I wrote it, got it passed in the Senate."
2004-10-05,EDWARDS,Dem,"We don't have a patients bill of rights because of one man today, the president of the United States."
2004-10-05,EDWARDS,Dem,They've gone back and forth.
2004-10-05,EDWARDS,Dem,"Yes, but they didn't fund the mandates that they put on the schools all over this country."
2004-10-05,EDWARDS,Dem,"That's the reason 800 teachers -- one of the reasons -- 800 teachers have been laid off, right here in Cleveland."
2004-10-05,EDWARDS,Dem,One-third of our public schools are failing under this administration.
2004-10-05,EDWARDS,Dem,Half of African-Americans are dropping out of high school.
2004-10-05,EDWARDS,Dem,Half of Hispanic-American are dropping out of high school.
2004-10-05,EDWARDS,Dem,John and I have -- and I don't have the time now -- but we have a clear plan to improve our public schools that starts with getting our best teachers into the schools where we need them the most by creating incentives for them to go there.
2004-10-05,CHENEY,Rep,"Gwen, No Child Left Behind, they were for it; now they're against it."
2004-10-05,CHENEY,Rep,They voted for it; now they're opposed to it.
2004-10-05,CHENEY,Rep,We are making significant progress there.
2004-10-05,CHENEY,Rep,We are closing the achievement gap.
2004-10-05,CHENEY,Rep,"The results coming in from a number of studies show, without question, that on math and reading, that in fact our minority students, our Hispanic and African-American students are doing better, and that gap between them and the majority population is, in fact, closing."
2004-10-05,CHENEY,Rep,So we are doing exactly the right thing.
2004-10-05,CHENEY,Rep,"They're the ones who have been for the Patriot Act and against it, for No Child Left Behind and then against it."
2004-10-05,EDWARDS,Dem,"Are you sure -- yes, he started."
2004-10-05,EDWARDS,Dem,"Yes, 30 seconds, please, yes."
2004-10-05,EDWARDS,Dem,"We are for accountability, and we are for high standards."
2004-10-05,EDWARDS,Dem,John and I voted for No Child Left Behind because we thought that accountability and standards were the right thing to do.
2004-10-05,EDWARDS,Dem,But they make -- did you figure out you were wrong?
2004-10-05,EDWARDS,Dem,"Well, in fairness, if you feel like you need to go to him, we'll -- I'll stop."
2004-10-05,EDWARDS,Dem,"IFILL: Well, I do, because we're actually on the final question."
2004-10-05,EDWARDS,Dem,I apologize for giving you an extra 15 seconds there.
2004-10-05,EDWARDS,Dem,I go now to Vice President Cheney.
2004-10-05,EDWARDS,Dem,Whichever one of you is elected in November -- you mentioned those three electoral votes in Wyoming and how critical they've turned out to be.
2004-10-05,EDWARDS,Dem,"But what they're a sign of also is that you're going to inherit a very deeply divided electorate, economically, politically, you name it."
2004-10-05,EDWARDS,Dem,"How will you set out, Mr."
2004-10-05,EDWARDS,Dem,"Vice President, in a way that you weren't able to in these past four years, to bridge that divide?"
2004-10-05,CHENEY,Rep,"Well, I must say it's one of the disappointments of the last four years, is that we've not been able to do what the president did in Texas, for example, when he was able to reach across the aisle and bring Democrats along on major issues of the day."
2004-10-05,CHENEY,Rep,"We had some success early on, I think, in No Child Left Behind, when we, in fact, had broad, bipartisan support."
2004-10-05,CHENEY,Rep,"We had a lot of support for the Patriot Act, when we passed that on a bipartisan basis."
2004-10-05,CHENEY,Rep,Now we're seeing objection to that by the other side.
2004-10-05,CHENEY,Rep,All I know is to continue to try to work it.
2004-10-05,CHENEY,Rep,"It's a disappointment, in a sense, that I remember from my earlier service when things worked much differently, when, in fact, some of my best friends in the Congress were people I worked with, like Tom Foley, who was a majority leader and later speaker of the House."
2004-10-05,CHENEY,Rep,"One of my strongest allies in Congress when I secretary of defense was Jack Murtha, a Democrat who is chairman of the Defense Appropriations Subcommittee."
2004-10-05,CHENEY,Rep,We used to be able to do more together on a bipartisan basis than seems possible these days.
2004-10-05,CHENEY,Rep,I'm not sure exactly why.
2004-10-05,CHENEY,Rep,"I think, in part, it may be the change in the majority-minority status in the Senate has been difficult for both sides to adjust to."
2004-10-05,CHENEY,Rep,"And the Senate, of course, has been very evenly divided, 50-50, then 51-49, then 49-51 the other way."
2004-10-05,CHENEY,Rep,We'll keep working at it.
2004-10-05,CHENEY,Rep,I think it's important for us to try.
2004-10-05,CHENEY,Rep,I believe that it is essential for us to do everything we can to garner as much support from the other side of the aisle as possible.
2004-10-05,CHENEY,Rep,We've had support -- we had our keynote address at our convention was delivered by Zell Miller.
2004-10-05,CHENEY,Rep,So there are some Democrats who agree with our approach.
2004-10-05,CHENEY,Rep,"And hopefully in a second term, we'll see an improvement along those lines."
2004-10-05,EDWARDS,Dem,Thank you.
2004-10-05,EDWARDS,Dem,"The president said that he would unite this country, that he was a uniter, not a divider."
2004-10-05,EDWARDS,Dem,Have you ever seen America more divided?
2004-10-05,EDWARDS,Dem,Have you ever seen Washington more divided?
2004-10-05,EDWARDS,Dem,The reality is it is not an accident.
2004-10-05,EDWARDS,Dem,It's the direct result of the choices they've made and their efforts that have created division in America.
2004-10-05,EDWARDS,Dem,We can do better than that in this country.
2004-10-05,EDWARDS,Dem,"Now I want to go back to the whole issue of health care, because we touched it, but I think the American people deserve to know what we would do different."
2004-10-05,EDWARDS,Dem,"I mean, 5 million people losing their health care -- everyone who's watching this knows health insurance premiums are through the roof."
2004-10-05,EDWARDS,Dem,We need to talk about what we will do that they haven't done.
2004-10-05,EDWARDS,Dem,"First, we're going to make the same health care that's available to members of Congress available to all Americans."
2004-10-05,EDWARDS,Dem,We're going to cover all kids.
2004-10-05,EDWARDS,Dem,"Not only that, we're going to bring down costs by pooling the catastrophic costs so we bring down premiums."
2004-10-05,EDWARDS,Dem,"And we're going to give tax breaks directly to families, save them up to $1,000 a year, and to businesses -- the vice president talked about that a few minutes ago -- so that they can provide health care to their employees."
2004-10-05,EDWARDS,Dem,And we're also going to finally do something about the cost of prescription drugs.
2004-10-05,EDWARDS,Dem,They've blocked allowing prescription drugs into this country from Canada.
2004-10-05,EDWARDS,Dem,We're going to allow it.
2004-10-05,EDWARDS,Dem,They would not allow the government to use its negotiating power to get discounts for seniors.
2004-10-05,EDWARDS,Dem,We're going to allow it.
2004-10-05,EDWARDS,Dem,We're also going to stand up to the drug companies and do something about these drug company ads on television which are out of control.
2004-10-05,CHENEY,Rep,"Well, Gwen -- I'm sorry, it's hard to know where to start."
2004-10-05,CHENEY,Rep,"The fact of the matter is, the most important and significant change in health care in the last several years was the Medicare reform bill this year."
2004-10-05,CHENEY,Rep,It's the most sweeping change in 40 years.
2004-10-05,CHENEY,Rep,Medicare used to pay for heart bypass surgery but didn't pay for the prescription drugs that might allow you to avoid it.
2004-10-05,CHENEY,Rep,"The fact is that when that came up, Senator Kerry and Senator Edwards voted against it."
2004-10-05,CHENEY,Rep,It'll provide prescription drug benefits to 40 million senior citizens.
2004-10-05,CHENEY,Rep,"It's a very, very significant piece of legislation."
2004-10-05,EDWARDS,Dem,"They had a choice on allowing prescription drugs into this country from Canada, of being with the American people or with the drug companies."
2004-10-05,EDWARDS,Dem,They were with the drug companies.
2004-10-05,EDWARDS,Dem,They had a choice on negotiating discounts in the Medicare prescription drug bill of being with the American people or with the drug companies.
2004-10-05,EDWARDS,Dem,They were with the drug companies.
2004-10-05,EDWARDS,Dem,"They had a choice on the patients' bill of rights, allowing people to make their own health care decisions and not having insurance companies make them, be with the American people, be with the big insurance companies."
2004-10-05,EDWARDS,Dem,They're with the insurance companies.
2004-10-05,EDWARDS,Dem,John Kerry and I will always fight for the American people.
2004-10-05,EDWARDS,Dem,Thank you.
2004-10-05,EDWARDS,Dem,"Thank you, Gwen."
2004-10-05,EDWARDS,Dem,"Thank you, Mr."
2004-10-05,EDWARDS,Dem,"Vice President, for being here."
2004-10-05,EDWARDS,Dem,"You know, when I was young and growing up, I remember coming down the steps into the kitchen, early in the morning, and I would see the glow of the television."
2004-10-05,EDWARDS,Dem,And I'd see my father sitting at a table.
2004-10-05,EDWARDS,Dem,"He wasn't paying bills, and he wasn't doing paperwork from work."
2004-10-05,EDWARDS,Dem,What he was doing was learning math on television.
2004-10-05,EDWARDS,Dem,"Now, he didn't have a college education, but he was doing what he could do to get a better job in the mill where he worked."
2004-10-05,EDWARDS,Dem,I was proud of him.
2004-10-05,EDWARDS,Dem,I'm still proud of him.
2004-10-05,EDWARDS,Dem,"And I was also hopeful, because I knew that I lived in a country where I could get a college education."
2004-10-05,EDWARDS,Dem,Here's the truth: I have grown up in the bright light of America.
2004-10-05,EDWARDS,Dem,But that light is flickering today.
2004-10-05,EDWARDS,Dem,"Now, I know that the vice president and the president don't see it, but you do."
2004-10-05,EDWARDS,Dem,"You see it when your incomes are going down and the cost of everything -- college tuition, health care -- is going through the roof."
2004-10-05,EDWARDS,Dem,You see it when you sit at your table each night and there's an empty chair because a loved one is serving in Iraq or Afghanistan.
2004-10-05,EDWARDS,Dem,What they're going to give you is four more years of the same.
2004-10-05,EDWARDS,Dem,John Kerry and I believe that we can do better.
2004-10-05,EDWARDS,Dem,We believe in a strong middle-class in this country.
2004-10-05,EDWARDS,Dem,"That's why we have a plan to create jobs, getting rid of tax cuts for companies outsourcing your jobs; give tax cuts to companies that'll keep jobs here in America."
2004-10-05,EDWARDS,Dem,That's why we have a health care plan.
2004-10-05,EDWARDS,Dem,That's why we have a plan to keep you safe and to fix this mess in Iraq.
2004-10-05,EDWARDS,Dem,The truth is that every four years you get to decide.
2004-10-05,EDWARDS,Dem,You have the ability to decide where America's going to go.
2004-10-05,EDWARDS,Dem,"John Kerry and I are asking you to give us the power to fight for you, to fight to keep that dream in America, that I saw as a young man, alive for every parent sitting at that kitchen table."
2004-10-05,CHENEY,Rep,"Gwen, I want to thank you."
2004-10-05,CHENEY,Rep,It's been a privilege to serve as your vice president these last four years and to work alongside President Bush to put our economy on an upward path.
2004-10-05,CHENEY,Rep,"We've cut taxes, added 1.7 million new jobs in the last year, and we'll continue to provide opportunities for business and for workers."
2004-10-05,CHENEY,Rep,We won't be happy until every American who wants to work can find a job.
2004-10-05,CHENEY,Rep,We believe that all Americans ought to have access to available -- to medical care and that they ought to have access to the finest schools in the world.
2004-10-05,CHENEY,Rep,We'll do everything we can to preserve Social Security and to make certain that it's there for future generations.
2004-10-05,CHENEY,Rep,"I've worked for four presidents and watched two others up close, and I know that there's no such thing as a routine day in the Oval Office."
2004-10-05,CHENEY,Rep,We saw on 9/11 that the next president -- next decision a president has to make can affect the lives of all of us.
2004-10-05,CHENEY,Rep,"Now we find ourselves in the midst of a conflict unlike any we've ever known, faced with the possibility that terrorists could smuggle a deadly biological agent or a nuclear weapon into the middle of one of our own cities."
2004-10-05,CHENEY,Rep,That threat -- and the presidential leadership needed to deal with it -- is placing a special responsibility on all of you who will decide on November 2nd who will be our commander in chief.
2004-10-05,CHENEY,Rep,"The only viable option for winning the war on terrorism is the one the president has chosen, to use the power of the United States to aggressively go after the terrorists wherever we find them and also to hold to account states that sponsor terror."
2004-10-05,CHENEY,Rep,"Now that we've captured or killed thousands of Al Qaida and taken down the regimes of Saddam Hussein and the Taliban, it's important that we stand up democratically elected governments as the only guarantee that they'll never again revert to terrorism or the production of deadly weapons."
2004-10-05,CHENEY,Rep,This is the task of our generation.
2004-10-05,CHENEY,Rep,And I know firsthand the strength the president brings to it.
2004-10-05,CHENEY,Rep,The overall outcome will depend upon the ability of the American people and the strong leadership of the president to meet all the challenges that we'll face in the days and years ahead.
2004-10-05,CHENEY,Rep,I'm confident we can do it.
2004-10-08,KERRY,Dem,"Yes, I certainly do."
2004-10-08,KERRY,Dem,"But let me just first, Cheryl, if you will, I want to thank Charlie for moderating."
2004-10-08,KERRY,Dem,I want to thank Washington University for hosting us here this evening.
2004-10-08,KERRY,Dem,Mr.
2004-10-08,KERRY,Dem,"President, it's good to be with you again this evening, sir."
2004-10-08,KERRY,Dem,"Cheryl, the President didn't find weapons of mass destruction in Iraq, so he's really turned his campaign into a weapon of mass deception."
2004-10-08,KERRY,Dem,And the result is that you've been bombarded with advertisements suggesting that I've changed a position on this or that or the other.
2004-10-08,KERRY,Dem,"Now, the three things they try to say I've changed position on are the PATRIOT Act—I haven't."
2004-10-08,KERRY,Dem,I support it.
2004-10-08,KERRY,Dem,I just don't like the way John Ashcroft has applied it.
2004-10-08,KERRY,Dem,And we're going to change a few things.
2004-10-08,KERRY,Dem,The chairman of the Republican Party thinks we ought to change a few things.
2004-10-08,KERRY,Dem,No Child Left Behind Act—I voted for it.
2004-10-08,KERRY,Dem,I support it.
2004-10-08,KERRY,Dem,I support the goals.
2004-10-08,KERRY,Dem,But the President has underfunded it by $28 billion.
2004-10-08,KERRY,Dem,Right here in St.
2004-10-08,KERRY,Dem,"Louis, you've laid off 350 teachers."
2004-10-08,KERRY,Dem,"You're 150—excuse me, I think it's a little more—about $100 million shy of what you ought to be under the No Child Left Behind Act to help your education system here."
2004-10-08,KERRY,Dem,So I complain about that.
2004-10-08,KERRY,Dem,I've argued that we should fully fund it.
2004-10-08,KERRY,Dem,The President says I've changed my mind.
2004-10-08,KERRY,Dem,I haven't changed my mind.
2004-10-08,KERRY,Dem,I'm going to fully fund it.
2004-10-08,KERRY,Dem,So these are the differences.
2004-10-08,KERRY,Dem,"Now, the President has presided over the economy where we've lost 1.6 million jobs, the first President in 72 years to lose jobs."
2004-10-08,KERRY,Dem,I have a plan to put people back to work.
2004-10-08,KERRY,Dem,That's not wishy-washy.
2004-10-08,KERRY,Dem,I'm going to close the loopholes that actually encourage companies to go overseas.
2004-10-08,KERRY,Dem,The President wants to keep them open.
2004-10-08,KERRY,Dem,I think I'm right.
2004-10-08,KERRY,Dem,I think he's wrong.
2004-10-08,KERRY,Dem,I'm going to give you a tax cut.
2004-10-08,KERRY,Dem,"The President gave—the top one percent of income earners in America got $89 billion last year, more than the 80 percent of people who earn $100,000 or less all put together."
2004-10-08,KERRY,Dem,I think that's wrong.
2004-10-08,KERRY,Dem,"That's not wishy-washy, and that's what I'm fighting for—you."
2004-10-08,BUSH,Rep,"Charlie, thank you, and thank our panelists."
2004-10-08,BUSH,Rep,"Senator, thank you."
2004-10-08,BUSH,Rep,"I can—and thanks, Washington U."
2004-10-08,BUSH,Rep,as well.
2004-10-08,BUSH,Rep,"I can see why people at your workplace think he changes positions a lot, because he does."
2004-10-08,BUSH,Rep,He said he voted for the $87 billion and—or voted against it right before he voted for it.
2004-10-08,BUSH,Rep,And that sends a confusing signal to people.
2004-10-08,BUSH,Rep,He said he thought Saddam Hussein was a grave threat and now said it was a mistake to remove Saddam Hussein from power.
2004-10-08,BUSH,Rep,"No, I can see why people think that he changes position quite often, because he does."
2004-10-08,BUSH,Rep,"You know, for a while, he was a strong supporter of getting rid of Saddam Hussein."
2004-10-08,BUSH,Rep,"He saw the wisdom, until the Democratic primary came along and Howard Dean, the antiwar candidate, began to gain on him."
2004-10-08,BUSH,Rep,And he changed positions.
2004-10-08,BUSH,Rep,"I don't see how you can lead this country in a time of war, in a time of uncertainty, if you change your mind because of politics."
2004-10-08,BUSH,Rep,He just brought up the tax cut.
2004-10-08,BUSH,Rep,"You remember, we increased that child credit by $1000, reduced the marriage penalty, created a 10-percent tax bracket for the lower income Americans—that's right at the middle class."
2004-10-08,BUSH,Rep,"He voted against it, and yet he tells you he's for a middle-class tax cut."
2004-10-08,BUSH,Rep,It's—you've got to be consistent when you're the President.
2004-10-08,BUSH,Rep,"There's a lot of pressures, and you've got to be firm and consistent."
2004-10-08,BUSH,Rep,"Each situation is different, Robin."
2004-10-08,BUSH,Rep,"And obviously, we hope that diplomacy works before you ever use force."
2004-10-08,BUSH,Rep,The hardest decision a President makes is ever to use force.
2004-10-08,BUSH,Rep,"After 9/11, we had to look at the world differently."
2004-10-08,BUSH,Rep,"After 9/11, we had to recognize that when we saw a threat, we must take it seriously before it comes to hurt us."
2004-10-08,BUSH,Rep,"In the old days, we'd see a threat, and we could deal with it if we felt like it or not."
2004-10-08,BUSH,Rep,But 9/11 changed it all.
2004-10-08,BUSH,Rep,I vowed to our countrymen that I would do everything I could to protect the American people.
2004-10-08,BUSH,Rep,That's why we're bringing Al Qaida to justice.
2004-10-08,BUSH,Rep,Seventy-five percent of them have been brought to justice.
2004-10-08,BUSH,Rep,"That's why I said to Afghanistan, ""If you harbor a terrorist, you're just as guilty as the terrorist."" And the Taliban is no longer in power, and Al Qaida no longer has a place to plan."
2004-10-08,BUSH,Rep,"And I saw a unique threat in Saddam Hussein, as did my opponent, because we thought he had weapons of mass destruction."
2004-10-08,BUSH,Rep,"And the unique threat was that he could give weapons of mass destruction to an organization like Al Qaida, and the harm they inflicted on us with airplanes would be multiplied greatly by weapons of mass destruction."
2004-10-08,BUSH,Rep,"And that was a serious, serious threat."
2004-10-08,BUSH,Rep,So I tried diplomacy.
2004-10-08,BUSH,Rep,I went to the United Nations.
2004-10-08,BUSH,Rep,"But as we learned in the same report I quoted, Saddam Hussein was gaming the Oil for Food Programme to get rid of sanctions."
2004-10-08,BUSH,Rep,He was trying to get rid of sanctions for a reason.
2004-10-08,BUSH,Rep,He wanted to restart his weapons programs.
2004-10-08,BUSH,Rep,"We all thought there was weapons there, Robin."
2004-10-08,BUSH,Rep,My opponent thought there was weapons there.
2004-10-08,BUSH,Rep,That's why he called him a grave threat.
2004-10-08,BUSH,Rep,"I wasn't happy when we found out there wasn't weapons, and we've got an intelligence group together to figure out why."
2004-10-08,BUSH,Rep,"But Saddam Hussein was a unique threat, and the world is better off without him in power."
2004-10-08,BUSH,Rep,And my opponent's plans lead me to conclude that Saddam Hussein would still be in power and the world would be more dangerous.
2004-10-08,BUSH,Rep,"Thank you, sir."
2004-10-08,KERRY,Dem,"Robin, I'm going to answer your question."
2004-10-08,KERRY,Dem,"I'm also going to talk— respond to what you asked, Cheryl, at the same time."
2004-10-08,KERRY,Dem,The world is more dangerous today.
2004-10-08,KERRY,Dem,The world is more dangerous today because the President didn't make the right judgments.
2004-10-08,KERRY,Dem,"Now, the President wishes that I had changed my mind."
2004-10-08,KERRY,Dem,"He wants you to believe that, because he can't come here and tell you that he's created new jobs for America."
2004-10-08,KERRY,Dem,He's lost jobs.
2004-10-08,KERRY,Dem,"He can't come here and tell you that he's created health care for Americans because one-point—what, we've got 5 million Americans who have lost their health care, 96,000 of them right here in Missouri."
2004-10-08,KERRY,Dem,He can't come here and tell you that he's left no child behind because he didn't fund No Child Left Behind.
2004-10-08,KERRY,Dem,So what does he do?
2004-10-08,KERRY,Dem,He's trying to attack me.
2004-10-08,KERRY,Dem,"He wants you to believe that I can't be President, and he's trying to make you believe it because he wants you to think I change my mind."
2004-10-08,KERRY,Dem,"Well, let me tell you straight up, I've never changed my mind about Iraq."
2004-10-08,KERRY,Dem,I do believe Saddam Hussein was a threat.
2004-10-08,KERRY,Dem,I always believed he was a threat—believed it in 1998 when Clinton was President.
2004-10-08,KERRY,Dem,I wanted to give Clinton the power to use force if necessary.
2004-10-08,KERRY,Dem,But I would have used that force wisely.
2004-10-08,KERRY,Dem,"I would have used that authority wisely, not rushed to war without a plan to win the peace."
2004-10-08,KERRY,Dem,I would have brought our allies to our side.
2004-10-08,KERRY,Dem,I would have fought to make certain our troops had everybody possible to help them win the mission.
2004-10-08,KERRY,Dem,"This President rushed to war, pushed our allies aside, and Iran now is more dangerous, and so is North Korea with nuclear weapons."
2004-10-08,KERRY,Dem,"He took his eye off the ball, off of Usama bin Laden."
2004-10-08,BUSH,Rep,Are we going to have a rebuttal thing back and forth?
2004-10-08,BUSH,Rep,Remember the last debate?
2004-10-08,BUSH,Rep,My opponent said that America must pass a global test before we use force to protect ourselves.
2004-10-08,BUSH,Rep,That's the kind of mindset that says sanctions were working.
2004-10-08,BUSH,Rep,That's the kind of mindset that says let's keep it at the United Nations and hope things go well.
2004-10-08,BUSH,Rep,Saddam Hussein was a threat because he could have given weapons of mass destruction to terrorist enemies.
2004-10-08,BUSH,Rep,Sanctions were not working.
2004-10-08,BUSH,Rep,The United Nations was not effective at removing Saddam Hussein.
2004-10-08,KERRY,Dem,The goal of the sanctions was not to remove Saddam Hussein.
2004-10-08,KERRY,Dem,It was to remove the weapons of mass destruction.
2004-10-08,KERRY,Dem,And Mr.
2004-10-08,KERRY,Dem,"President, just yesterday the Duelfer report told you and the whole world they worked."
2004-10-08,KERRY,Dem,"He didn't have weapons of mass destruction, Mr."
2004-10-08,KERRY,Dem,President.
2004-10-08,KERRY,Dem,That was the objective.
2004-10-08,KERRY,Dem,"And if we had used smart diplomacy, we could have saved $200 billion and an invasion of Iraq, and right now Usama bin Laden might be in jail or dead."
2004-10-08,KERRY,Dem,That's the war against terror.
2004-10-08,KERRY,Dem,"Anthony, I would not."
2004-10-08,KERRY,Dem,I have laid out a different plan because the President's plan is not working.
2004-10-08,KERRY,Dem,You see that every night on television.
2004-10-08,KERRY,Dem,There's chaos in Iraq.
2004-10-08,KERRY,Dem,"King Abdullah of Jordan said just yesterday—or the day before, you can't hold elections in Iraq with the chaos that's going on today."
2004-10-08,KERRY,Dem,"Senator Richard Lugar, the Republican chairman of the Foreign Relations Committee, said that the handling of the reconstruction aid in Iraq by this administration has been ""incompetent."" Those are the Republican chairman's words."
2004-10-08,KERRY,Dem,"Senator Hagel of Nebraska said that the handling of Iraq is ""beyond pitiful, beyond embarrassing."
2004-10-08,KERRY,Dem,"It's in the zone of dangerous."" Those are the words of two Republicans, respected, both on the Foreign Relations Committee."
2004-10-08,KERRY,Dem,"Now, I have to tell you, I would do something different."
2004-10-08,KERRY,Dem,I would reach out to our allies in a way that this President hasn't.
2004-10-08,KERRY,Dem,"He pushed them away time and again, pushed them away at the U.N., pushed them away individually."
2004-10-08,KERRY,Dem,"Two weeks ago, there was a meeting of the North Atlantic Council, which is the political arm of NATO."
2004-10-08,KERRY,Dem,They discussed the possibility of a small training unit or having a total takeover of the training in Iraq.
2004-10-08,KERRY,Dem,Did our administration push for the total training of Iraq?
2004-10-08,KERRY,Dem,No.
2004-10-08,KERRY,Dem,Were they silent?
2004-10-08,KERRY,Dem,Yes.
2004-10-08,KERRY,Dem,Was there an effort to bring all the allies together around that?
2004-10-08,KERRY,Dem,No—because they've always wanted this to be an American effort.
2004-10-08,KERRY,Dem,"You know, they even had the Defense Department issue a memorandum saying don't bother applying for assistance or for being part of the reconstruction if you weren't part of our original coalition."
2004-10-08,KERRY,Dem,"Now, that's not a good way to build support and reduce the risk for our troops and make America safer."
2004-10-08,KERRY,Dem,I'm going to get the training done for our troops.
2004-10-08,KERRY,Dem,"I'm going to get the training of Iraqis done faster, and I'm going to get our allies back to the table."
2004-10-08,BUSH,Rep,"Two days ago in the Oval Office, I met with the Finance Minister from Iraq."
2004-10-08,BUSH,Rep,"He came to see me, and he talked about how optimistic he was and the country was about heading toward elections."
2004-10-08,BUSH,Rep,Think about it.
2004-10-08,BUSH,Rep,They're going from tyranny to elections.
2004-10-08,BUSH,Rep,He talked about the reconstruction efforts that are beginning to take hold.
2004-10-08,BUSH,Rep,He talked about the fact that Iraqis love to be free.
2004-10-08,BUSH,Rep,He said he was optimistic when he came here.
2004-10-08,BUSH,Rep,"Then he turned on the TV and listened to the political rhetoric, and all of a sudden he was pessimistic."
2004-10-08,BUSH,Rep,"This is a guy who, along with others, has taken great risk for freedom, and we need to stand with him."
2004-10-08,BUSH,Rep,My opponent says he has a plan—sounds familiar because it's called the Bush plan.
2004-10-08,BUSH,Rep,"We're going to train troops, and we are."
2004-10-08,BUSH,Rep,"We'll have 125,000 trained by the end of December."
2004-10-08,BUSH,Rep,We're spending about $7 billion.
2004-10-08,BUSH,Rep,He talks about a grand idea: Let's have a summit; we're going to solve the problem in Iraq by holding a summit.
2004-10-08,BUSH,Rep,And what is he going to say to those people that show up to the summit?
2004-10-08,BUSH,Rep,"""Join me in the wrong war at the wrong time at the wrong place""?"
2004-10-08,BUSH,Rep,"Risk your troops in a war you've called a ""mistake""?"
2004-10-08,BUSH,Rep,"Nobody is going to follow somebody who doesn't believe we can succeed and somebody who says the war where we are is a ""mistake."" I know how these people think."
2004-10-08,BUSH,Rep,I meet with them all the time.
2004-10-08,BUSH,Rep,I talk to Tony Blair all the time.
2004-10-08,BUSH,Rep,I talk to Silvio Berlusconi.
2004-10-08,BUSH,Rep,"They're not going to follow an American President who says, ""Follow me into a mistake."" Our plan is working."
2004-10-08,BUSH,Rep,"We're going to make elections, and Iraq is going to be free, and America will be better off for it."
2004-10-08,KERRY,Dem,"Yes, sir, please."
2004-10-08,KERRY,Dem,"Ladies and gentlemen, the right war was Usama bin Laden and Afghanistan."
2004-10-08,KERRY,Dem,"That was the right place, and the right time was Tora Bora, when we had him cornered in the mountains."
2004-10-08,KERRY,Dem,"Now, everyone in the world knows that there were no weapons of mass destruction."
2004-10-08,KERRY,Dem,"That was the reason Congress gave him the authority to use force, not after excuse to get rid of the regime."
2004-10-08,KERRY,Dem,Now we have to succeed.
2004-10-08,KERRY,Dem,I've always said that.
2004-10-08,KERRY,Dem,I have been consistent.
2004-10-08,KERRY,Dem,"Yes, we have to succeed, and I have a better plan to help us do it."
2004-10-08,BUSH,Rep,"First of all, we didn't find out he didn't have weapons until we got there, and my opponent thought he had weapons and told everybody he thought he had weapons."
2004-10-08,BUSH,Rep,"And secondly, it's a fundamental misunderstanding to say that the war on terror is only Usama bin Laden."
2004-10-08,BUSH,Rep,The war on terror is to make sure that these terrorist organizations do not end up with weapons of mass destruction.
2004-10-08,BUSH,Rep,That's what the war on terror is about.
2004-10-08,BUSH,Rep,Of course we're going to find Usama bin Laden.
2004-10-08,BUSH,Rep,"We've already got 75 percent of his people, and we're on the hunt for him."
2004-10-08,BUSH,Rep,But this is a global conflict that requires firm resolve.
2004-10-08,BUSH,Rep,"No, I appreciate that."
2004-10-08,BUSH,Rep,"I—listen, I—we've got a great country."
2004-10-08,BUSH,Rep,I love our values.
2004-10-08,BUSH,Rep,And I recognize I've made some decisions that have caused people to not understand the great values of our country.
2004-10-08,BUSH,Rep,I remember when Ronald Reagan was the President.
2004-10-08,BUSH,Rep,He stood on principle.
2004-10-08,BUSH,Rep,Some might have called that stubborn.
2004-10-08,BUSH,Rep,"He stood on principle, standing up to the Soviet Union."
2004-10-08,BUSH,Rep,"And we won that conflict, yet at the same time, he was very—we were very unpopular in Europe because of decisions he made."
2004-10-08,BUSH,Rep,"I recognize that taking Saddam Hussein out was unpopular, but I made the decision because I thought it was in the right interests of our security."
2004-10-08,BUSH,Rep,"You know, I've made some decisions on Israel."
2004-10-08,BUSH,Rep,That's unpopular.
2004-10-08,BUSH,Rep,"I wouldn't deal with Arafat because I felt like he had let the former President down, and I don't think he's the kind of person that can lead toward a Palestinian state."
2004-10-08,BUSH,Rep,And people in Europe didn't like that decision.
2004-10-08,BUSH,Rep,"And that was unpopular, but it was the right thing to do."
2004-10-08,BUSH,Rep,"I believe Palestinians ought to have a state, but I know they need leadership that's committed to democracy and freedom, leadership that will be willing to reject terrorism."
2004-10-08,BUSH,Rep,"I made a decision not to join the International Criminal Court in The Hague, which is where our troops could be brought to—brought in front of a judge, an unaccounted judge."
2004-10-08,BUSH,Rep,I don't think we ought to join that.
2004-10-08,BUSH,Rep,That was unpopular.
2004-10-08,BUSH,Rep,"And so what I'm telling you is, is that sometimes in this world you make unpopular decisions because you think they're right."
2004-10-08,BUSH,Rep,We'll continue to reach out.
2004-10-08,BUSH,Rep,"Listen, there's 30 nations involved in Iraq, some 40 nations involved in Afghanistan."
2004-10-08,BUSH,Rep,People love America.
2004-10-08,BUSH,Rep,"Sometimes they don't like the decisions made by America, but I don't think you want a President who tries to become popular and does the wrong thing."
2004-10-08,BUSH,Rep,You don't want to join the International Criminal Court just because it's popular in certain capitals in Europe.
2004-10-08,KERRY,Dem,"Nikki, that's a question that's been raised by a lot of people around the country."
2004-10-08,KERRY,Dem,"Let me address it but also talk about the weapons the President just talked about, because every part of the President's answer just now promises you more of the same over the next 4 years."
2004-10-08,KERRY,Dem,"The President stood right here in this hall 4 years ago, and he was asked a question by somebody just like you: Under what circumstances would you send people to war?"
2004-10-08,KERRY,Dem,And his answer was: With a viable exit strategy and only with enough forces to get the job done.
2004-10-08,KERRY,Dem,He didn't do that.
2004-10-08,KERRY,Dem,He broke that promise.
2004-10-08,KERRY,Dem,We didn't have enough forces.
2004-10-08,KERRY,Dem,"General Shinseki, the Army Chief of Staff, told him he was going to need several hundred thousand."
2004-10-08,KERRY,Dem,And guess what?
2004-10-08,KERRY,Dem,They retired General Shinseki for telling him that.
2004-10-08,KERRY,Dem,This President hasn't listened.
2004-10-08,KERRY,Dem,I went to meet with the members of the Security Council in the week before we voted.
2004-10-08,KERRY,Dem,I went to New York.
2004-10-08,KERRY,Dem,I talked to all of them to find out how serious they were about really holding Saddam Hussein accountable.
2004-10-08,KERRY,Dem,"I came away convinced that if we worked at it, if we were ready to work at letting Hans Blix do his job and thoroughly go through the inspections, that if push came to shove, they'd be there with us."
2004-10-08,KERRY,Dem,"But the President just arbitrarily brought the hammer down and said, ""Nope, sorry, time for diplomacy is over."
2004-10-08,KERRY,Dem,"We're going."" He rushed to war without a plan to win the peace."
2004-10-08,KERRY,Dem,"Ladies and gentlemen, he gave you a speech and told you he'd plan carefully, take every precaution, take our allies with us."
2004-10-08,KERRY,Dem,He didn't.
2004-10-08,KERRY,Dem,He broke his word.
2004-10-08,BUSH,Rep,"I remember sitting in the White House, looking at those generals, saying, ""Do you have what you need in this war?"
2004-10-08,BUSH,Rep,"Do you have what it takes?"" I remember going down in the basement of the White House the day we committed our troops—as last resort—looking at Tommy Franks and the generals on the ground, asking them, ""Do we have the right plan with the right troop level?"" And they looked me in the eye and said, ""Yes, sir, Mr."
2004-10-08,BUSH,Rep,"President."" Of course I listened to our generals."
2004-10-08,BUSH,Rep,That's what a President does.
2004-10-08,BUSH,Rep,A President sets the strategy and relies upon good military people to execute that strategy.
2004-10-08,KERRY,Dem,"You rely on good military people to execute the military component of the strategy, but winning the peace is larger than just the military component."
2004-10-08,KERRY,Dem,General Shinseki had the wisdom to say you're going to need several hundred thousand troops to win the peace.
2004-10-08,KERRY,Dem,The military's job is to win the war.
2004-10-08,KERRY,Dem,The President's job is to win the peace.
2004-10-08,KERRY,Dem,"The President did not do what was necessary, didn't bring in enough nations, didn't deliver the help, didn't close off the borders, didn't even guard the ammo dumps."
2004-10-08,KERRY,Dem,And now our kids are being killed with ammos right out of that dump.
2004-10-08,KERRY,Dem,Is it Randee?
2004-10-08,KERRY,Dem,I'm sorry.
2004-10-08,KERRY,Dem,I don't think you can just rely on U.N.
2004-10-08,KERRY,Dem,"sanctions, Randee, but you're absolutely correct."
2004-10-08,KERRY,Dem,It is a threat.
2004-10-08,KERRY,Dem,It's a huge threat.
2004-10-08,KERRY,Dem,"And what's interesting is it's a threat that has grown while the President has been preoccupied with Iraq, where there wasn't a threat."
2004-10-08,KERRY,Dem,"If he'd let the inspectors do their job and go on, we wouldn't have 10 times the numbers of forces in Iraq that we have in Afghanistan chasing Usama bin Laden."
2004-10-08,KERRY,Dem,"Meanwhile, while Iran is moving towards nuclear weapons—some 37 tons of what they call yellow cake, the stuff they use to make enriched uranium—while they're doing that, North Korea has moved from one bomb, maybe—maybe—to 4 to 7 bombs."
2004-10-08,KERRY,Dem,"For 2 years the President didn't even engage with North Korea, did nothing at all, while it was growing more dangerous, despite the warnings of people like former Secretary of Defense William Perry, who negotiated getting television cameras and inspectors into that reactor."
2004-10-08,KERRY,Dem,We were safer before President Bush came to office.
2004-10-08,KERRY,Dem,"Now, they have the bombs, and we're less safe."
2004-10-08,KERRY,Dem,So what do we do?
2004-10-08,KERRY,Dem,"We've got to join with the British and the French, with the Germans who've been involved in their initiative."
2004-10-08,KERRY,Dem,We've got to lead the world now to crack down on proliferation as a whole.
2004-10-08,KERRY,Dem,But the President has been slow to do that even in Russia.
2004-10-08,KERRY,Dem,"At his pace, it's going to take 13 years to reduce and get a hold of all the loose nuclear material in the former Soviet Union."
2004-10-08,KERRY,Dem,I've proposed a plan that can capture it and contain it and clean it within 4 years.
2004-10-08,KERRY,Dem,And the President is moving toward the creation of our own bunker-busting nuclear weapon.
2004-10-08,KERRY,Dem,It's very hard to get other countries to give up their weapons when you're busy developing a new one.
2004-10-08,KERRY,Dem,"I'm going to lead the world in the greatest counterproliferation effort, and if we have to get tough with Iran, believe me, we will get tough."
2004-10-08,BUSH,Rep,That answer almost made me want to scowl.
2004-10-08,BUSH,Rep,He keeps talking about letting the inspectors do their job.
2004-10-08,BUSH,Rep,It's naive and dangerous to say that.
2004-10-08,BUSH,Rep,That's what the Duelfer report showed.
2004-10-08,BUSH,Rep,He was deceiving the inspectors.
2004-10-08,BUSH,Rep,"Secondly, of course we've been involved with Iran."
2004-10-08,BUSH,Rep,I fully understand the threat.
2004-10-08,BUSH,Rep,"And that's why we're doing what he suggested we do, get the Brits, the Germans, and the French to go make it very clear to the Iranians that if they expect to be a party to the world, to give up their nuclear ambitions."
2004-10-08,BUSH,Rep,We've been doing that.
2004-10-08,BUSH,Rep,Let me talk about North Korea.
2004-10-08,BUSH,Rep,"It is naive and dangerous to take a policy that he suggested the other day, which is to have bilateral relations with North Korea."
2004-10-08,BUSH,Rep,"Remember, he is the person who is accusing me of not acting multilaterally."
2004-10-08,BUSH,Rep,"He now wants to take the six-party talks we have— China, North Korea, South Korea, Russia, Japan, and the United States—and undermine them by having bilateral talks."
2004-10-08,BUSH,Rep,That's what President Clinton did.
2004-10-08,BUSH,Rep,"He had bilateral talks with the North Korean, and guess what happened?"
2004-10-08,BUSH,Rep,He didn't honor the agreement.
2004-10-08,BUSH,Rep,He was enriching uranium.
2004-10-08,BUSH,Rep,That is a bad policy.
2004-10-08,BUSH,Rep,"Of course, we're paying attention to these."
2004-10-08,BUSH,Rep,That's a great question about Iran.
2004-10-08,BUSH,Rep,"That's why, in my speech to the Congress, I said there is an axis of evil, Iraq, Iran, and North Korea, and we're paying attention to it, and we're making progress."
2004-10-08,BUSH,Rep,"Yes, great question."
2004-10-08,BUSH,Rep,Thanks.
2004-10-08,BUSH,Rep,I hear there's rumors on the Internets that we're going to have a draft.
2004-10-08,BUSH,Rep,We're not going to have a draft—period.
2004-10-08,BUSH,Rep,The All-Volunteer Army works.
2004-10-08,BUSH,Rep,It works particularly when we pay our troops well.
2004-10-08,BUSH,Rep,"It works when we make sure they've got housing, like we have done in the last military budgets."
2004-10-08,BUSH,Rep,"An all-volunteer army is best suited to fight the new wars of the 21st century, which is to be specialized and to find these people as they hide around the world."
2004-10-08,BUSH,Rep,We don't need massed armies anymore.
2004-10-08,BUSH,Rep,One of the things we've done is we've taken the—we're beginning to transform our military.
2004-10-08,BUSH,Rep,And by that I mean we're moving troops out of Korea and replacing them with more effective weapons.
2004-10-08,BUSH,Rep,We don't need as much manpower on the Korean Peninsula to keep a deterrent.
2004-10-08,BUSH,Rep,"In Europe, we have massed troops as if the Soviet Union existed and was going to invade into Europe, but those days are over with."
2004-10-08,BUSH,Rep,And so we're moving troops out of Europe and replacing it with more effective equipment.
2004-10-08,BUSH,Rep,"So the answer to your question is, we're withdrawing—not from the world—we're drawing manpower, so they can be stationed here in America, so there's less rotation, so life is easier on their families and therefore more likely to be—we'll be more likely to keep people in the All-Volunteer Army."
2004-10-08,BUSH,Rep,One of the most important things we're doing in this administration is transformation.
2004-10-08,BUSH,Rep,There's some really interesting technologies.
2004-10-08,BUSH,Rep,"For example, we're flying unmanned vehicles that can send real-time messages back to stations in the United States."
2004-10-08,BUSH,Rep,"That saves manpower, and it saves equipment."
2004-10-08,BUSH,Rep,"It also means that we can target things easier and move more quickly, which means we need to be lighter and quicker and more facile and highly trained."
2004-10-08,BUSH,Rep,Forget all this talk about a draft.
2004-10-08,BUSH,Rep,We're not going to have a draft so long as I'm the President.
2004-10-08,KERRY,Dem,"Daniel, I don't support a draft."
2004-10-08,KERRY,Dem,But let me tell you where the President's policies have put us.
2004-10-08,KERRY,Dem,"The President— and this is one of the reasons why I'm very proud in this race to have the support of General John Shalikashvili, former Chairman of the Joint Chiefs of Staff; Admiral William Crowe, former Chairman of the Joint Chiefs of Staff; General Tony McPeak, who ran the air war for the President's father and did a brilliant job—supporting me; General Wes Clark, who won the war in Kosovo—supporting me; because they all—and General Baca, who was the head of the National Guard—supporting me."
2004-10-08,KERRY,Dem,Why?
2004-10-08,KERRY,Dem,Because they understand that our military is overextended under this President.
2004-10-08,KERRY,Dem,Our Guard and Reserves have been turned into almost active duty.
2004-10-08,KERRY,Dem,You've got people doing two and three rotations.
2004-10-08,KERRY,Dem,You've got stop-loss policies so people can't get out when they were supposed to.
2004-10-08,KERRY,Dem,"You've got a backdoor draft right now, and a lot of our military are underpaid."
2004-10-08,KERRY,Dem,These are families that get hurt.
2004-10-08,KERRY,Dem,It hurts the middle class.
2004-10-08,KERRY,Dem,"It hurts communities, because these are our first-responders, and they're called up, and they're over there, not over here."
2004-10-08,KERRY,Dem,"Now, I'm going to add 40,000 active duty forces to the military."
2004-10-08,KERRY,Dem,And I'm going to make people feel good about being safe in our military and not overextended because I'm going to run a foreign policy that actually does what President Reagan did and President Eisenhower did and others.
2004-10-08,KERRY,Dem,We're going to build alliances.
2004-10-08,KERRY,Dem,We're not going to go unilaterally.
2004-10-08,KERRY,Dem,We're not going to go alone like this President did.
2004-10-08,BUSH,Rep,Let me just—I've got to answer this.
2004-10-08,BUSH,Rep,Let me just answer what he just said about going alone.
2004-10-08,BUSH,Rep,You tell Tony Blair we're going alone.
2004-10-08,BUSH,Rep,Tell Tony Blair we're going alone.
2004-10-08,BUSH,Rep,Tell Silvio Berlusconi we're going alone.
2004-10-08,BUSH,Rep,Tell Aleksander Kwasniewski of Poland we're going alone.
2004-10-08,BUSH,Rep,We've got 30 countries there.
2004-10-08,BUSH,Rep,"It denigrates an alliance to say we're going alone, to discount their sacrifices."
2004-10-08,BUSH,Rep,You cannot lead an alliance if you say you're going alone.
2004-10-08,BUSH,Rep,And people listen.
2004-10-08,BUSH,Rep,They're sacrificing with us.
2004-10-08,KERRY,Dem,Mr.
2004-10-08,KERRY,Dem,"President, countries are leaving the coalition, not joining."
2004-10-08,KERRY,Dem,Eight countries have left it.
2004-10-08,KERRY,Dem,"If Missouri, just given the number of people from Missouri who are in the military over there today, were a country, it would be the third largest country in the coalition, behind Great Britain and the United States."
2004-10-08,KERRY,Dem,That's not a grand coalition.
2004-10-08,KERRY,Dem,Ninety percent of the casualties are American.
2004-10-08,KERRY,Dem,Ninety percent of the costs are coming out of your pockets.
2004-10-08,KERRY,Dem,I could do a better job.
2004-10-08,KERRY,Dem,"My plan does a better job, and that's why I'll be a better Commander in Chief."
2004-10-08,KERRY,Dem,"Thank you very much, Ann."
2004-10-08,KERRY,Dem,"I've asked in my security briefings why that is, and I can't go into all the answers, et cetera, but let me say this to you."
2004-10-08,KERRY,Dem,"This President and his administration have told you and all of us, ""It's not a question of when, it's a question of""—excuse me, ""not a question of if, it's a question of when."" We've been told that."
2004-10-08,KERRY,Dem,"The ""when"" I can't tell you."
2004-10-08,KERRY,Dem,"Between the World Trade Center bombing in—what was it, 1993 or so—and the next time was 5 years, 7 years."
2004-10-08,KERRY,Dem,These people wait.
2004-10-08,KERRY,Dem,They'll plan.
2004-10-08,KERRY,Dem,They plot.
2004-10-08,KERRY,Dem,I agree with the President that we have to go after them and get them wherever they are.
2004-10-08,KERRY,Dem,I just think I can do that far more effectively because the most important weapon in doing that is intelligence.
2004-10-08,KERRY,Dem,You've got to have the best intelligence in the world.
2004-10-08,KERRY,Dem,"And in order to have the best intelligence in the world, to know who the terrorists are and where they are and what they're plotting, you've got to have the best cooperation you've ever had in the world."
2004-10-08,KERRY,Dem,"Now, to go back to your question, Nikki, we're not getting the best cooperation in the world today."
2004-10-08,KERRY,Dem,We've got a whole bunch of countries that pay a price for dealing with the United States of America now.
2004-10-08,KERRY,Dem,I'm going to change that.
2004-10-08,KERRY,Dem,And I'm going to put in place a better homeland security effort.
2004-10-08,KERRY,Dem,"Look at it, 95 percent of our containers coming into this country are not inspected today."
2004-10-08,KERRY,Dem,"When you get on an airplane, your cart—your bag is X-rayed, but the cargo hold isn't X-rayed."
2004-10-08,KERRY,Dem,Do you feel safer?
2004-10-08,KERRY,Dem,"This President, in the last debate, said that, well, that would be a big tax gap if we did that."
2004-10-08,KERRY,Dem,"Ladies and gentlemen, it's his tax plan."
2004-10-08,KERRY,Dem,He chose a tax cut for the wealthiest Americans over getting that equipment out into the homeland as fast as possible.
2004-10-08,KERRY,Dem,"We have bridges and tunnels that aren't being secured; chemical plants, nuclear plants that aren't secured; hospitals that are overcrowded in their emergency rooms."
2004-10-08,KERRY,Dem,"If we had a disaster today, could they handle it?"
2004-10-08,KERRY,Dem,This President chose a tax cut over homeland security.
2004-10-08,KERRY,Dem,Wrong choice.
2004-10-08,BUSH,Rep,That's an odd thing to say since we've tripled the homeland security budget from 10 to 30 billion dollars.
2004-10-08,BUSH,Rep,"Listen, we'll do everything we can to protect the homeland."
2004-10-08,BUSH,Rep,My opponent is right: We need good intelligence.
2004-10-08,BUSH,Rep,"It's also a curious thing for him to say, since right after 1993, he voted to cut the intelligence budget by $7.5 billion."
2004-10-08,BUSH,Rep,The best way to defend America in this world we live in is to stay on the offense.
2004-10-08,BUSH,Rep,"We've got to be right 100 percent of the time here at home, and they've got to be right once."
2004-10-08,BUSH,Rep,And that's the reality.
2004-10-08,BUSH,Rep,And there's a lot of good people working hard.
2004-10-08,BUSH,Rep,We're doing the best we possibly can to share information.
2004-10-08,BUSH,Rep,That's why the PATRIOT Act was important.
2004-10-08,BUSH,Rep,"The PATRIOT Act is vital, by the way."
2004-10-08,BUSH,Rep,It's a tool that law enforcement now uses to be able to talk between each other.
2004-10-08,BUSH,Rep,My opponent says he hasn't changed his positions on it.
2004-10-08,BUSH,Rep,"No, but he's for weakening it."
2004-10-08,BUSH,Rep,I don't think my opponent has got the right view about the world to make us safe.
2004-10-08,BUSH,Rep,I really don't.
2004-10-08,BUSH,Rep,"First of all, I don't think he can succeed in Iraq."
2004-10-08,BUSH,Rep,"And if Iraq were to fail, it would be a haven for terrorists, and there would be money, and the world would be much more dangerous."
2004-10-08,BUSH,Rep,I don't see how you can win in Iraq if you don't believe we should be there in the first place.
2004-10-08,BUSH,Rep,"I don't see how you can lead troops if you say, ""It's the wrong war at the wrong place at the wrong time."" I don't see how the Iraqis are going to have confidence in the American President if all they hear is that it was a ""mistake"" to be there in the first place."
2004-10-08,BUSH,Rep,"This war is a long, long war, and it requires steadfast determination."
2004-10-08,BUSH,Rep,"And it requires a complete understanding that we not only chase down Al Qaida, but we disrupt terrorists' safe havens as well as people who could provide the terrorists with support."
2004-10-08,KERRY,Dem,"Well, the President and his experts have told America that it's not a question of if, it's a question of when."
2004-10-08,KERRY,Dem,And I accept what the President has said.
2004-10-08,KERRY,Dem,These terrorists are serious.
2004-10-08,KERRY,Dem,"They're deadly, and they know nothing except trying to kill."
2004-10-08,KERRY,Dem,I understand that.
2004-10-08,KERRY,Dem,That's why I will never stop at anything to hunt down and kill the terrorists.
2004-10-08,KERRY,Dem,But you heard the President just say to you that we've added money.
2004-10-08,KERRY,Dem,"Folks, the test is not if you've added money."
2004-10-08,KERRY,Dem,"The test is, have you done everything possible to make America secure?"
2004-10-08,KERRY,Dem,He chose a tax cut for wealthy Americans over the things that I listed to you.
2004-10-08,BUSH,Rep,"Well, we'll talk about the tax cut for middle class here in a minute."
2004-10-08,BUSH,Rep,"But yes, I'm worried."
2004-10-08,BUSH,Rep,I'm worried.
2004-10-08,BUSH,Rep,I'm worried about our country.
2004-10-08,BUSH,Rep,"And all I can tell you is, every day I know that there's people working overtime, doing the very best they can."
2004-10-08,BUSH,Rep,And the reason I'm worried is because there's a vicious enemy that has an ideology of hate.
2004-10-08,BUSH,Rep,"And the way to defeat them long-term, by the way, is to spread freedom."
2004-10-08,BUSH,Rep,"Liberty can change habits, and that's what's happening in Afghanistan and Iraq."
2004-10-08,BUSH,Rep,I haven't yet.
2004-10-08,BUSH,Rep,I just want to make sure they're safe.
2004-10-08,BUSH,Rep,"When a drug comes in from Canada, I want to make sure it cures you and doesn't kill you."
2004-10-08,BUSH,Rep,And that's why the FDA and that's why the Surgeon General are looking very carefully to make sure it can be done in a safe way.
2004-10-08,BUSH,Rep,I've got an obligation to make sure our Government does everything we can to protect you.
2004-10-08,BUSH,Rep,"And one of—my worry is that it looks like it's from Canada, and it might be from a third world."
2004-10-08,BUSH,Rep,"We've just got to make sure, before somebody thinks they're buying a product, that it works."
2004-10-08,BUSH,Rep,And that's why we're doing what we're doing.
2004-10-08,BUSH,Rep,"Now, it may very well be, here in December, you hear me say, ""I think there's a safe way to do it."" Other ways to make sure drugs are cheaper: One is to speed up generic drugs to the marketplace quicker."
2004-10-08,BUSH,Rep,"Pharmaceuticals were using loopholes to keep brand drugs in place, and generics are much less expensive than brand drugs."
2004-10-08,BUSH,Rep,And we're doing just that.
2004-10-08,BUSH,Rep,"Another is to get our seniors to sign up for these drug discount cards, and they're working."
2004-10-08,BUSH,Rep,"Wanda Blackmore, I met here from Missouri—the first time she bought drugs with her drug discount card she paid $1.14, I think it was, for about $10 worth of drugs."
2004-10-08,BUSH,Rep,These cards make sense.
2004-10-08,BUSH,Rep,"And you know, in 2006, seniors are going to get prescription drug coverage for the first time in Medicare, because I went to Washington to fix problems."
2004-10-08,BUSH,Rep,"Medicare—the issue of Medicare used to be called ""Medi-scare."" People didn't want to touch it for fear of getting hurt politically."
2004-10-08,BUSH,Rep,I wanted to get something done.
2004-10-08,BUSH,Rep,I think our seniors deserve a modern medical system.
2004-10-08,BUSH,Rep,"And in 2006, our seniors will get prescription drug coverage."
2004-10-08,BUSH,Rep,Thank you for asking.
2004-10-08,KERRY,Dem,"John, you heard the President just say that he thought he might try to be for it."
2004-10-08,KERRY,Dem,"Four years ago, right here in this forum, he was asked the same question, ""Can't people be able to import drugs from Canada?"" Do you know what he said?"
2004-10-08,KERRY,Dem,"""I think that makes sense."
2004-10-08,KERRY,Dem,"I think that's a good idea""—4 years ago."
2004-10-08,KERRY,Dem,"Now, the President said, ""I'm not blocking that."" Ladies and gentlemen, the President just didn't level with you—right now, again."
2004-10-08,KERRY,Dem,"He did block it, because we passed it in the United States Senate."
2004-10-08,KERRY,Dem,We sent it over to the House that you could import drugs.
2004-10-08,KERRY,Dem,We took care of the safety issues.
2004-10-08,KERRY,Dem,We're not talking about third-world drugs.
2004-10-08,KERRY,Dem,"We're talking about drugs made right here in the United States of America that have American brand names on them, in American bottles, and we're asking they be able to allow you to get them."
2004-10-08,KERRY,Dem,The President blocked it.
2004-10-08,KERRY,Dem,"The President also took Medicare, which belongs to you, and he could have lowered the cost of Medicare and lowered your taxes and lowered the cost to seniors."
2004-10-08,KERRY,Dem,You know what he did?
2004-10-08,KERRY,Dem,"He made it illegal— illegal—for Medicare to do what the VA does, which is bulk-purchase drugs so that you could lower the price and get them out to you lower."
2004-10-08,KERRY,Dem,"He put $139 billion of windfall profit into the pockets of the drug companies, right out of your pockets."
2004-10-08,KERRY,Dem,That's the difference between us.
2004-10-08,KERRY,Dem,"The President sides with the power companies, the oil companies, the drug companies."
2004-10-08,KERRY,Dem,"And I'm fighting to let you get those drugs from Canada, and I'm fighting to let Medicare survive."
2004-10-08,KERRY,Dem,I'm fighting for the middle class.
2004-10-08,KERRY,Dem,That's the difference.
2004-10-08,BUSH,Rep,"If they're safe, they're coming."
2004-10-08,BUSH,Rep,I want to remind you that it wasn't just my administration that made the decision on safety.
2004-10-08,BUSH,Rep,"President Clinton did the same thing, because we have an obligation to protect you."
2004-10-08,BUSH,Rep,"Now, he talks about Medicare."
2004-10-08,BUSH,Rep,He's been in the United States Senate 20 years.
2004-10-08,BUSH,Rep,Show me one accomplishment toward Medicare that he accomplished.
2004-10-08,BUSH,Rep,"I've been in Washington, DC, 3 1/2 years and led the Congress to reform Medicare so our seniors have got a modern health care system."
2004-10-08,BUSH,Rep,That's what leadership is all about.
2004-10-08,KERRY,Dem,"Actually, Mr."
2004-10-08,KERRY,Dem,"President, in 1997, we fixed Medicare, and I was one of the people involved in it."
2004-10-08,KERRY,Dem,"We not only fixed Medicare and took it way out into the future, we did something that you don't know how to do."
2004-10-08,KERRY,Dem,We balanced the budget.
2004-10-08,KERRY,Dem,"And we paid down the debt of our Nation for 2 years in a row, and we created 23 million new jobs at the same time."
2004-10-08,KERRY,Dem,And it's the President's fiscal policies that have driven up the biggest deficits in American history.
2004-10-08,KERRY,Dem,He's added more debt to the debt of the United States in 4 years than all the way from George Washington to Ronald Reagan put together.
2004-10-08,KERRY,Dem,Go figure.
2004-10-08,KERRY,Dem,Very easily.
2004-10-08,KERRY,Dem,John Edwards is the author of the Patients' Bill of Rights.
2004-10-08,KERRY,Dem,He wanted to give people rights.
2004-10-08,KERRY,Dem,John Edwards and I support tort reform.
2004-10-08,KERRY,Dem,"We both believe that as lawyers—I'm a lawyer too— and I believe that we will be able to get a fix that has eluded everybody else, because we know how to do it."
2004-10-08,KERRY,Dem,It's in my health care proposal.
2004-10-08,KERRY,Dem,Go to johnkerry.com—you can pull it off the Internet—and you'll find a tort reform plan.
2004-10-08,KERRY,Dem,"Now, ladies and gentlemen, important to understand, the President and his friends try to make a big deal out of it."
2004-10-08,KERRY,Dem,Is it a problem?
2004-10-08,KERRY,Dem,"Yes, it's a problem."
2004-10-08,KERRY,Dem,"Do we need to fix it, particularly for ob-gyns and for brain surgeons and others?"
2004-10-08,KERRY,Dem,Yes.
2004-10-08,KERRY,Dem,But it's less than one percent of the total cost of health care.
2004-10-08,KERRY,Dem,Your premiums are going up.
2004-10-08,KERRY,Dem,"You've gone up in Missouri about $3,500."
2004-10-08,KERRY,Dem,You've gone up 64 percent.
2004-10-08,KERRY,Dem,"You've seen co-pays go up, deductibles go up."
2004-10-08,KERRY,Dem,Everything has gone up.
2004-10-08,KERRY,Dem,"Five million people have lost their health insurance under this President, and he's done nothing about it."
2004-10-08,KERRY,Dem,I have a plan.
2004-10-08,KERRY,Dem,I have a plan to lower the cost of health care for you.
2004-10-08,KERRY,Dem,I have a plan to cover all children.
2004-10-08,KERRY,Dem,I have a plan to let you buy into the same health care Senators and Congressmen give themselves.
2004-10-08,KERRY,Dem,I have a plan that's going to allow people 55 to 64 to buy into Medicare early.
2004-10-08,KERRY,Dem,"And I have a plan that will take the catastrophic cases out of the system, off your backs, pay for it out of a Federal fund, which lowers the premiums for everybody in America, makes American business more competitive, and makes health care more affordable."
2004-10-08,KERRY,Dem,"Now, all of that can happen, but I have to ask you to do one thing."
2004-10-08,KERRY,Dem,"Join me in rolling back the President's unaffordable tax cut for people earning more than $200,000 a year."
2004-10-08,KERRY,Dem,That's all.
2004-10-08,KERRY,Dem,"Ninety-eight percent of America, I'm giving you a tax cut, and I'm giving you health care."
2004-10-08,BUSH,Rep,Let me see where to start here.
2004-10-08,BUSH,Rep,"First, the National Journal named Senator Kerry the most liberal Senator of all."
2004-10-08,BUSH,Rep,And that's saying something in that bunch.
2004-10-08,BUSH,Rep,You might say that took a lot of hard work.
2004-10-08,BUSH,Rep,The reason I bring that up is because he's proposed $2.2 trillion in new spending and he says he's going to tax the rich to close the tax gap.
2004-10-08,BUSH,Rep,He can't.
2004-10-08,BUSH,Rep,He's going to tax everybody here to fund his programs.
2004-10-08,BUSH,Rep,That's just reality.
2004-10-08,BUSH,Rep,And what are his health programs?
2004-10-08,BUSH,Rep,"First, he says he's for medical liability reform, particularly for ob-gyns."
2004-10-08,BUSH,Rep,There was a bill on the floor of the United States Senate that he could have showed up and voted for if he's so much for it.
2004-10-08,BUSH,Rep,"Secondly, he says that medical liability costs only cause one percent increase."
2004-10-08,BUSH,Rep,That shows a lack of understanding.
2004-10-08,BUSH,Rep,Doctors practice defensive medicine because of all the frivolous lawsuits that cost our Government $28 billion a year.
2004-10-08,BUSH,Rep,"And finally, he says he's going to have a novel health care plan."
2004-10-08,BUSH,Rep,You know what it is?
2004-10-08,BUSH,Rep,The Federal Government is going to run it.
2004-10-08,BUSH,Rep,"It is the largest increase in Federal Government health care ever, and it fits with his philosophy."
2004-10-08,BUSH,Rep,That's why I told you about the award he won from the National Journal.
2004-10-08,BUSH,Rep,That's what liberals do: They create Government-sponsored health care.
2004-10-08,BUSH,Rep,Maybe you think that makes sense.
2004-10-08,BUSH,Rep,I don't.
2004-10-08,BUSH,Rep,Government-sponsored health care would lead to rationing.
2004-10-08,BUSH,Rep,It would ruin the quality of health care in America.
2004-10-08,KERRY,Dem,"Yes, I think we should look at the punitive, and we should have some limitations."
2004-10-08,KERRY,Dem,"But look, what's really important, Charlie, is the President's just trying to scare everybody here with throwing labels around."
2004-10-08,KERRY,Dem,"I mean, ""compassionate conservative,"" what does that mean?"
2004-10-08,KERRY,Dem,"Cutting 500,000 kids from after-school programs?"
2004-10-08,KERRY,Dem,"Cutting 365,000 kids from health care?"
2004-10-08,KERRY,Dem,Running up the biggest deficits in American history?
2004-10-08,KERRY,Dem,Mr.
2004-10-08,KERRY,Dem,"President, you're batting 0 for 2."
2004-10-08,KERRY,Dem,"I mean, seriously, labels don't mean anything."
2004-10-08,KERRY,Dem,"What means something is do you have a plan, and I want to talk about my plan some more."
2004-10-08,KERRY,Dem,I hope we can.
2004-10-08,BUSH,Rep,What does matter is the plan.
2004-10-08,BUSH,Rep,He said he is for—you're now for capping punitive damages?
2004-10-08,BUSH,Rep,That's odd.
2004-10-08,BUSH,Rep,You should have shown up on the floor in the Senate and voted for it then.
2004-10-08,BUSH,Rep,"Medical liability issues are a problem, a significant problem."
2004-10-08,BUSH,Rep,"He's been in the United States Senate for 20 years, and he hasn't addressed it."
2004-10-08,BUSH,Rep,We passed it out of the House of Representatives.
2004-10-08,BUSH,Rep,Guess where it stuck?
2004-10-08,BUSH,Rep,"It stuck in the Senate because the trial lawyers won't act on it, and he put a trial lawyer on the ticket."
2004-10-08,BUSH,Rep,Right.
2004-10-08,BUSH,Rep,Thank you for that.
2004-10-08,BUSH,Rep,We have a deficit.
2004-10-08,BUSH,Rep,We have a deficit because this country went into a recession.
2004-10-08,BUSH,Rep,"You might remember the stock market started to decline dramatically 6 months before I came to office, and then the bubble of the 1990s popped."
2004-10-08,BUSH,Rep,And that cost us rev-enue—that cost us revenue.
2004-10-08,BUSH,Rep,"Secondly, we're at war."
2004-10-08,BUSH,Rep,"And I'm going to spend what it takes to win the war, more than just 120 billion for Iraq and Afghanistan."
2004-10-08,BUSH,Rep,We've got to pay our troops more.
2004-10-08,BUSH,Rep,We have.
2004-10-08,BUSH,Rep,We've increased money for ammunition and weapons and pay and homeland security.
2004-10-08,BUSH,Rep,I just told this lady over here we spent—went from 10 to 30 billion dollars to protect the homeland.
2004-10-08,BUSH,Rep,I think we have an obligation to spend that kind of money.
2004-10-08,BUSH,Rep,"Plus, we cut taxes for everybody."
2004-10-08,BUSH,Rep,"Everybody got tax relief, so that they'd get out of the recession."
2004-10-08,BUSH,Rep,"I think if you raise taxes during a recession, you head to depression."
2004-10-08,BUSH,Rep,"I come from the school of thought that says when people have more money in their pocket during tough economic times, it increases demand or investment."
2004-10-08,BUSH,Rep,"Small businesses begin to grow, and jobs are added."
2004-10-08,BUSH,Rep,"We found out today that over the past 13 months, we've added 1.9 million new jobs in the last 13 months."
2004-10-08,BUSH,Rep,"I proposed a plan, detailed budget, that shows us cutting the deficit in half by 5 years."
2004-10-08,BUSH,Rep,"And you're right, I haven't vetoed any spending bills because we worked together."
2004-10-08,BUSH,Rep,"Non-homeland, non-defense, discretionary spending was rising at 15 percent a year when I got into office."
2004-10-08,BUSH,Rep,"And today, it's less than one percent, because we're working together to try to bring this deficit under control."
2004-10-08,BUSH,Rep,"Like you, I'm concerned about the deficit."
2004-10-08,BUSH,Rep,But I am not going to shortchange our troops in harm's way.
2004-10-08,BUSH,Rep,And I'm not going to run up taxes which will cost this economy jobs.
2004-10-08,BUSH,Rep,Thank you for your question.
2004-10-08,KERRY,Dem,Let me begin by saying that my health care plan is not what the President described.
2004-10-08,KERRY,Dem,It is not a Government takeover.
2004-10-08,KERRY,Dem,You have choice: Choose your doctor; choose your plan.
2004-10-08,KERRY,Dem,The Government has nothing to do with it.
2004-10-08,KERRY,Dem,"In fact, it doesn't ask you to do anything."
2004-10-08,KERRY,Dem,"If you don't want to take it, you don't have to."
2004-10-08,KERRY,Dem,"If you like your high premiums, you keep them."
2004-10-08,KERRY,Dem,That's the way we leave it.
2004-10-08,KERRY,Dem,"Now, with respect to the deficit, the President was handed a $5.6 trillion surplus, ladies and gentlemen."
2004-10-08,KERRY,Dem,That's where he was when he came into office.
2004-10-08,KERRY,Dem,We now have a $2.6 trillion deficit.
2004-10-08,KERRY,Dem,This is the biggest turnaround in the history of the country.
2004-10-08,KERRY,Dem,He's the first President in 72 years to lose jobs.
2004-10-08,KERRY,Dem,He talked about war.
2004-10-08,KERRY,Dem,This is the first time the United States of America has ever had a tax cut when we're at war.
2004-10-08,KERRY,Dem,"Franklin Roosevelt, Harry Truman, others knew how to lead."
2004-10-08,KERRY,Dem,They knew how to ask the American people for the right things.
2004-10-08,KERRY,Dem,One percent of America—the highest one percent of income earners in America got $89 billion of tax cut last year.
2004-10-08,KERRY,Dem,"One percent of America got more than the 80 percent of America that earned from $100,000 down."
2004-10-08,KERRY,Dem,The President thinks it's more important to fight for that top one percent than to fight for fiscal responsibility and to fight for you.
2004-10-08,KERRY,Dem,I want to put money in your pocket.
2004-10-08,KERRY,Dem,"I am—I have a proposal for a tax cut for all people earning less than the $200,000."
2004-10-08,KERRY,Dem,The only people affected in my plan are the top income earners of America.
2004-10-08,BUSH,Rep,Look at the budget.
2004-10-08,BUSH,Rep,"One is, make sure Congress doesn't overspend."
2004-10-08,BUSH,Rep,But let me talk back about where we've been.
2004-10-08,BUSH,Rep,The stock market was declining 6 months prior to my arrival.
2004-10-08,BUSH,Rep,"It was the largest stock market correction—one of the largest in history, which foretold a recession."
2004-10-08,BUSH,Rep,"Because we cut taxes on everybody— remember, we ran up the child credit by 1,000; we reduced the marriage penalty; we created the 10-percent bracket; everybody who pays taxes got relief—the recession was one of the shortest in our Nation's history."
2004-10-08,KERRY,Dem,"After 9/11, after the recession had ended, the President asked for another tax cut and promised 5.6 million jobs would be created."
2004-10-08,KERRY,Dem,"He lost 1.6 million, ladies and gentlemen, and most of that tax cut went to the wealthiest people in the country."
2004-10-08,KERRY,Dem,He came and asked for a tax cut; we wanted a tax cut to kick the economy into gear.
2004-10-08,KERRY,Dem,Do you know what he presented us with?
2004-10-08,KERRY,Dem,"A $25 billion giveaway to the biggest corporations in America, including a $254 million refund check to Enron."
2004-10-08,KERRY,Dem,Wrong priorities.
2004-10-08,KERRY,Dem,You are my priority.
2004-10-08,KERRY,Dem,Absolutely.
2004-10-08,KERRY,Dem,Yes.
2004-10-08,KERRY,Dem,Right into the camera—yes.
2004-10-08,KERRY,Dem,I am not going to raise taxes.
2004-10-08,KERRY,Dem,"I have a tax cut, and here's my tax cut."
2004-10-08,KERRY,Dem,"I raise the child care credit by $1,000 for families to help them be able to take care of their kids."
2004-10-08,KERRY,Dem,"I have a $4,000 tuition tax credit that goes to parents and kids, if they're earning for themselves, to be able to pay for college."
2004-10-08,KERRY,Dem,And I lower the cost of health care in the way that I described to you.
2004-10-08,KERRY,Dem,"Every part of my program, I've shown how I'm going to pay for it."
2004-10-08,KERRY,Dem,"And I've gotten good people, like former Secretary of the Treasury Bob Rubin for instance, who showed how to balance budgets and give you a good economy, to help me crunch these numbers and make them work."
2004-10-08,KERRY,Dem,"I've even scaled back some of my favorite programs already, like the child care program I wanted to fund and the national service program, because the President's deficit keeps growing."
2004-10-08,KERRY,Dem,"And I've said, as a pledge, I'm going to cut the deficit in half in 4 years."
2004-10-08,KERRY,Dem,"Now, I'm going to restore what we did in the 1990s, ladies and gentlemen: Pay as you go."
2004-10-08,KERRY,Dem,We're going to do it like you do it.
2004-10-08,KERRY,Dem,The President broke the pay-as-you-go rule.
2004-10-08,KERRY,Dem,Somebody here asked the question about why haven't you vetoed something.
2004-10-08,KERRY,Dem,It's a good question.
2004-10-08,KERRY,Dem,"If you care about it, why don't you veto it?"
2004-10-08,KERRY,Dem,I think John McCain called the energy bill the no lobbyist left behind bill.
2004-10-08,KERRY,Dem,"I mean, you've got to stand up and fight somewhere, folks."
2004-10-08,KERRY,Dem,I'm pledging I will not raise taxes.
2004-10-08,KERRY,Dem,"I'm giving a tax cut to the people earning less than $200,000 a year."
2004-10-08,KERRY,Dem,"Now, for the people earning more than $200,000 a year, you are going to see a rollback to the level we were at with Bill Clinton, when people made a lot of money."
2004-10-08,KERRY,Dem,"And looking around here at this group here, I suspect there are only three people here who are going to be affected: the President, me, and Charlie, I'm sorry, you too."
2004-10-08,BUSH,Rep,It's just not credible.
2004-10-08,BUSH,Rep,"When he talks about being fiscally conservative, it's just not credible."
2004-10-08,BUSH,Rep,"If you look at his record in the Senate, he voted to break the spending—the caps, the spending caps, over 200 times, and here he says he's going to be a fiscal conservative all of a sudden."
2004-10-08,BUSH,Rep,It's just not credible.
2004-10-08,BUSH,Rep,You cannot believe it.
2004-10-08,BUSH,Rep,And of course he's going to raise your taxes.
2004-10-08,BUSH,Rep,"You see, he's proposed $2.2 trillion of new spending."
2004-10-08,BUSH,Rep,"And so they said, ""Well, how are you going to pay for it?"" He said, well, he's going to raise the taxes on the rich."
2004-10-08,BUSH,Rep,"That's what he said, the top two brackets."
2004-10-08,BUSH,Rep,That raises—he says 800 billion; we say 600 billion.
2004-10-08,BUSH,Rep,We've got battling green eyeshades—somewhere in between those numbers.
2004-10-08,BUSH,Rep,"And so there is a difference, what he's promised and what he could raise."
2004-10-08,BUSH,Rep,"Now, either he's going to break all these wonderful promises he's told you about, or he's going to raise taxes."
2004-10-08,BUSH,Rep,"And I suspect, given his record, he's going to raise taxes."
2004-10-08,BUSH,Rep,Is my time up yet?
2004-10-08,BUSH,Rep,"Keep going, good."
2004-10-08,BUSH,Rep,You looked at me like my clock was up.
2004-10-08,BUSH,Rep,"I think that the way to grow this economy is to keep taxes low, is to have an energy plan, is to have litigation reform."
2004-10-08,BUSH,Rep,"As I told you, we just got a report that said over the past 13 months, we've created 1.9 million new jobs."
2004-10-08,BUSH,Rep,We're growing.
2004-10-08,BUSH,Rep,"And so the fundamental question of this campaign is, who's going to keep the economy growing so people can work?"
2004-10-08,BUSH,Rep,That's the fundamental question.
2004-10-08,KERRY,Dem,"Well, first of all, the President's figures of 2.2 trillion just aren't accurate."
2004-10-08,KERRY,Dem,Those are the fuzzy math figures put together by some group that works for the campaign.
2004-10-08,KERRY,Dem,That's not the number.
2004-10-08,KERRY,Dem,"Number two, John McCain and I have a proposal, jointly, for a commission that closes corporate giveaway loopholes."
2004-10-08,KERRY,Dem,We've got $40 billion going to Bermuda.
2004-10-08,KERRY,Dem,We've got all kinds of giveaways.
2004-10-08,KERRY,Dem,We ought to be shutting those down.
2004-10-08,KERRY,Dem,"And third, credible?"
2004-10-08,KERRY,Dem,"Ladies and gentlemen, in 1985, I was one of the first Democrats to move to balance the budget."
2004-10-08,KERRY,Dem,I voted for the balanced budget in '93 and '97.
2004-10-08,KERRY,Dem,We did it.
2004-10-08,KERRY,Dem,"We did it, and I was there."
2004-10-08,BUSH,Rep,"Yes, I mean, he's got a record."
2004-10-08,BUSH,Rep,He's been there for 20 years.
2004-10-08,BUSH,Rep,"You can run, but you can't hide."
2004-10-08,BUSH,Rep,He voted 98 times to raise taxes.
2004-10-08,BUSH,Rep,"I mean, these aren't make-up figures."
2004-10-08,BUSH,Rep,And so people are going to have to look at the record—look at the record of the man running for the President.
2004-10-08,BUSH,Rep,They don't name him the most liberal in the United States Senate because he hasn't shown up to many meetings.
2004-10-08,BUSH,Rep,"They named him because of his votes, and it's reality."
2004-10-08,BUSH,Rep,It's just not credible to say he's going to keep taxes down and balance budgets.
2004-10-08,BUSH,Rep,Off-road diesel engines—we have reached an agreement to reduce pollution from off-road diesel engines by 90 percent.
2004-10-08,BUSH,Rep,I've got a plan to increase the wetlands by 3 million.
2004-10-08,BUSH,Rep,We've got an aggressive brownfield program to refurbish inner-city sore spots to useful pieces of property.
2004-10-08,BUSH,Rep,"I proposed to the United States Congress a Clear Skies Initiative to reduce sulfur dioxide, nitrogen oxide, and mercury by 70 percent."
2004-10-08,BUSH,Rep,I was—fought for a very strong title in the farm bill for the Conservation Reserve Program to set aside millions of acres of land for—to help improve wildlife in the habitat.
2004-10-08,BUSH,Rep,"We proposed and passed a Healthy Forests bill, which was essential to working with—particularly in western States, to make sure that our forests were protected."
2004-10-08,BUSH,Rep,"What happens in those forests, because of lousy Federal policy, is they grow to be— they are not—they're not harvested."
2004-10-08,BUSH,Rep,"They're not taken care of, and as a result, they're like tinder boxes."
2004-10-08,BUSH,Rep,And over the last summers I've flown over there.
2004-10-08,BUSH,Rep,"And so this is a reasonable policy to protect old stands of trees and, at the same time, make sure our forests aren't vulnerable to the forest fires that have destroyed acres after acres in the West."
2004-10-08,BUSH,Rep,"We've got a good, commonsense policy."
2004-10-08,BUSH,Rep,"Now, I'm going to tell you what I really think is going to happen over time, is technology is going to change the way we live, for the good, for the environment."
2004-10-08,BUSH,Rep,"So I proposed a hydrogen automobile, a hydrogen-generated automobile."
2004-10-08,BUSH,Rep,We're spending a billion dollars to come up with the technologies to do that.
2004-10-08,BUSH,Rep,"That's why I'm a big proponent of clean coal technology, to make sure we can use coal but in a clean way."
2004-10-08,BUSH,Rep,I guess you'd say I'm a good steward of the land.
2004-10-08,BUSH,Rep,The quality of the air is cleaner since I've been the President; fewer water complaints since I've been the President; more land being restored since I've been the President.
2004-10-08,BUSH,Rep,Thank you for your question.
2004-10-08,KERRY,Dem,"Boy, to listen to that, the President I don't think is living in a world of reality with respect to the environment."
2004-10-08,KERRY,Dem,"Now, if you're a Red Sox fan, that's okay."
2004-10-08,KERRY,Dem,"But if you're a President, it's not."
2004-10-08,KERRY,Dem,"Let me just say to you, number one, don't throw the labels around."
2004-10-08,KERRY,Dem,Labels don't mean anything.
2004-10-08,KERRY,Dem,I supported welfare reform.
2004-10-08,KERRY,Dem,"I led the fight to put 100,000 cops on the streets of America."
2004-10-08,KERRY,Dem,I've been for faith-based initiatives helping to intervene in the lives of young children for years.
2004-10-08,KERRY,Dem,"I was—broke with my party in 1985, one of the first three Democrats to fight for a balanced budget when it was heresy."
2004-10-08,KERRY,Dem,"Labels don't fit, ladies and gentlemen."
2004-10-08,KERRY,Dem,"Now, when it comes to the issue of the environment, this is one of the worst administrations in modern history."
2004-10-08,KERRY,Dem,"The Clear Skies bill that he just talked about—it's one of those Orwellian names you pull out of the sky, slap it onto something—like No Child Left Behind, but you leave millions of children behind."
2004-10-08,KERRY,Dem,Here they're leaving the skies and the environment behind.
2004-10-08,KERRY,Dem,"If they just left the Clean Air Act all alone the way it is today, no change, the air would be cleaner than it is if you pass the cleaner skies act."
2004-10-08,KERRY,Dem,We're going backwards.
2004-10-08,KERRY,Dem,"In fact, his environmental enforcement chief air quality person at the EPA resigned in protest over what they're doing to what are called the New Source Performance Standards for air quality."
2004-10-08,KERRY,Dem,They're going backwards on the definition for wetlands.
2004-10-08,KERRY,Dem,They're going backwards on the water quality.
2004-10-08,KERRY,Dem,"They pulled out of the global warming, declared it dead; didn't even accept the science."
2004-10-08,KERRY,Dem,I'm going to be a President who believes in science.
2004-10-08,BUSH,Rep,"Well, had we joined the Kyoto treaty, which I guess he's referring to, it would have cost America a lot of jobs."
2004-10-08,BUSH,Rep,"It's one of these deals where in order to be popular in the halls of Europe, you sign a treaty."
2004-10-08,BUSH,Rep,But I thought it would cost a lot of—I think there's a better way to do it.
2004-10-08,BUSH,Rep,"And I just told you the facts, sir."
2004-10-08,BUSH,Rep,The quality of the air is cleaner since I've been the President of the United States.
2004-10-08,BUSH,Rep,And we'll continue to spend money on research and development because I truly believe that's the way to get from how we live today to being able to live a standard of living that we're accustomed to and being able to protect our environment bet-ter—the use of technologies.
2004-10-08,KERRY,Dem,The fact is that the Kyoto treaty was flawed.
2004-10-08,KERRY,Dem,"I was in Kyoto, and I was part of that."
2004-10-08,KERRY,Dem,I know what happened.
2004-10-08,KERRY,Dem,But this President didn't try to fix it.
2004-10-08,KERRY,Dem,"He just declared it dead, ladies and gentlemen, and we walked away from the work of 160 nations over 10 years."
2004-10-08,KERRY,Dem,"You wonder, Nikki, why it is that people don't like us in some parts of the world."
2004-10-08,KERRY,Dem,"You just say, ""Hey, we don't agree with you."
2004-10-08,KERRY,Dem,"Goodbye."" The President has done nothing to try to fix it."
2004-10-08,KERRY,Dem,I will.
2004-10-08,KERRY,Dem,"Jane, there are a lot of ways to be competitive."
2004-10-08,KERRY,Dem,"And unfortunately, again, I regret, this administration has not seized them and embraced them."
2004-10-08,KERRY,Dem,Let me give you an example.
2004-10-08,KERRY,Dem,There's a tax loophole right now—if you're a company in St.
2004-10-08,KERRY,Dem,"Louis working, trying to make jobs here, there's actually an incentive for you to go away."
2004-10-08,KERRY,Dem,You get more money—you can keep more of your taxes by going abroad.
2004-10-08,KERRY,Dem,"I'm going to shut that loophole, and I'm going to give the tax benefit to the companies that stay here in America to help make them more competitive."
2004-10-08,KERRY,Dem,"Secondly, we're going to create a manufacturing jobs credit and a new jobs credit for people to be able to help hire and be more competitive here in America."
2004-10-08,KERRY,Dem,"Third, what's really hurting American business, more than anything else, is the cost of health care."
2004-10-08,KERRY,Dem,"Now, you didn't hear any plan from the President, because he doesn't have a plan to lower the cost of health care."
2004-10-08,KERRY,Dem,"Five million Americans have lost their health care; 620,000 Missourians have no health care at all; 96,000 Missourians have lost their health care under President Bush."
2004-10-08,KERRY,Dem,"I have a plan to cover those folks, and it's a plan that lowers costs for everybody, covers all children."
2004-10-08,KERRY,Dem,"And the way I pay for it—I'm not fiscally irresponsible—is I roll back the tax cut that this President so fiercely wants to defend, the one for him and me and Charlie."
2004-10-08,KERRY,Dem,I think you ought to get the break.
2004-10-08,KERRY,Dem,I want to lower your cost of health care.
2004-10-08,KERRY,Dem,"I want to fully fund education, No Child Left Behind, special needs education."
2004-10-08,KERRY,Dem,"And that's how we're going to be more competitive, by making sure our kids are graduating from school and college."
2004-10-08,KERRY,Dem,China and India are graduating more graduates in technology and science than we are.
2004-10-08,KERRY,Dem,We've got to create the products of the future.
2004-10-08,KERRY,Dem,That's why I have a plan for energy independence within 10 years.
2004-10-08,KERRY,Dem,"And we're going to put our laboratories and our colleges and universities to work, and we're going to get the great entrepreneurial spirit of this country, and we're going to free ourselves from this dependency on Mideast oil."
2004-10-08,KERRY,Dem,That's how you create jobs and become competitive.
2004-10-08,BUSH,Rep,"Let me start with how to control the costs of health care: Medical liability reform, for starters, which he's opposed."
2004-10-08,BUSH,Rep,"Secondly, allow small businesses to pool together so they can share risk and buy insurance at the same discounts big businesses get to do."
2004-10-08,BUSH,Rep,"Thirdly, spread what's called health savings accounts."
2004-10-08,BUSH,Rep,"It's good for small businesses, good for owners."
2004-10-08,BUSH,Rep,You own your own account.
2004-10-08,BUSH,Rep,You can save tax-free.
2004-10-08,BUSH,Rep,You get a catastrophic plan to help you— own it.
2004-10-08,BUSH,Rep,"This is different from saying, ""Okay, let me incent you to go on the Government."" He's talking about his plan to keep jobs here."
2004-10-08,BUSH,Rep,"You know, he calls it an outsourcing—to keep—stop outsourcing."
2004-10-08,BUSH,Rep,Robert Rubin looked at his plan and said it won't work.
2004-10-08,BUSH,Rep,"The best way to keep jobs here in America is, one, have an energy plan."
2004-10-08,BUSH,Rep,I proposed one to the Congress 2 years ago.
2004-10-08,BUSH,Rep,"It encourages conservation, encourages technology to explore for environmentally friendly ways for coal and use coal and gas."
2004-10-08,BUSH,Rep,It encourages the use of renewables like ethanol and biodiesel.
2004-10-08,BUSH,Rep,It's stuck in the Senate.
2004-10-08,BUSH,Rep,He and his runningmate didn't show up to vote when they could have got it going in the Senate.
2004-10-08,BUSH,Rep,Less regulations if we want jobs here.
2004-10-08,BUSH,Rep,Legal reform if we want jobs here.
2004-10-08,BUSH,Rep,And we've got to keep taxes low.
2004-10-08,BUSH,Rep,"Now, he says he's only going to tax the rich."
2004-10-08,BUSH,Rep,"Do you realize 900,000 small businesses will be taxed under his plan because most small businesses are Subchapter S corps or limited partnerships, and they pay tax at the individual income-tax level."
2004-10-08,BUSH,Rep,"And so when you're running up the taxes like that, you're taxing job creators, and that's not how you keep jobs here."
2004-10-08,KERRY,Dem,"You can't stop all outsourcing, Charlie."
2004-10-08,KERRY,Dem,I've never promised that.
2004-10-08,KERRY,Dem,"I'm not going to, because that would be pandering."
2004-10-08,KERRY,Dem,You can't.
2004-10-08,KERRY,Dem,"But what you can do is create a fair playing field, and that's what I'm talking about."
2004-10-08,KERRY,Dem,But let me just address what the President just said.
2004-10-08,KERRY,Dem,"Ladies and gentlemen, that's just not true, what he said."
2004-10-08,KERRY,Dem,The Wall Street Journal said 96 percent of small businesses are not affected at all by my plan.
2004-10-08,KERRY,Dem,And you know why he gets that count?
2004-10-08,KERRY,Dem,"The President got $84 from a timber company that he owns, and he's counted as a small business."
2004-10-08,KERRY,Dem,Dick Cheney is counted as a small business.
2004-10-08,KERRY,Dem,That's how they do things.
2004-10-08,KERRY,Dem,That's just not right.
2004-10-08,BUSH,Rep,I own a timber company?
2004-10-08,BUSH,Rep,That's news to me.
2004-10-08,BUSH,Rep,Need some wood?
2004-10-08,BUSH,Rep,Most small businesses are Subchapter S corps.
2004-10-08,BUSH,Rep,They just are.
2004-10-08,BUSH,Rep,"I met Grant Milliron, Mansfield, Ohio."
2004-10-08,BUSH,Rep,He's creating jobs.
2004-10-08,BUSH,Rep,Most small businesses—70 percent of the new jobs in America are created by small business.
2004-10-08,BUSH,Rep,His taxes are going up when you run up the top two brackets.
2004-10-08,BUSH,Rep,It's a fact.
2004-10-08,BUSH,Rep,"Yes, I appreciate that."
2004-10-08,BUSH,Rep,I really don't think your rights are being watered down.
2004-10-08,BUSH,Rep,"As a matter of fact, I wouldn't support it if I thought that."
2004-10-08,BUSH,Rep,"Every action being taken against terrorists requires a court order, requires scrutiny."
2004-10-08,BUSH,Rep,"As a matter of fact, the tools now given to the terrorist fighters are the same tools that we've been using against drug dealers and white-collar criminals."
2004-10-08,BUSH,Rep,So I really don't think so.
2004-10-08,BUSH,Rep,I hope you don't think that.
2004-10-08,BUSH,Rep,"I mean, I—because I think whoever is the President must guard your liberties, must not erode your rights in America."
2004-10-08,BUSH,Rep,"The PATRIOT Act is necessary, for example, because parts of the FBI couldn't talk to each other."
2004-10-08,BUSH,Rep,"Intelligence gathering and the law enforcement arms of the FBI just couldn't share intelligence under the old law, and that didn't make any sense."
2004-10-08,BUSH,Rep,Our law enforcement must have every tool necessary to find and disrupt terrorists at home and abroad before they hurt us again.
2004-10-08,BUSH,Rep,That's the task of the 21st century.
2004-10-08,BUSH,Rep,"And so I don't think the PATRIOT Act abridges your rights at all, and I know it's necessary."
2004-10-08,BUSH,Rep,I can remember being in upstate New York talking to FBI agents that helped bust the Lackawanna cell up there.
2004-10-08,BUSH,Rep,"And they told me they could not have performed their duty, the duty we all expect of them, if they did not have the ability to communicate with each other under the PATRIOT Act."
2004-10-08,KERRY,Dem,"Former Governor Racicot, as chairman of the Republican Party, said he thought that the PATRIOT Act has to be changed and fixed."
2004-10-08,KERRY,Dem,Congressman Jim Sensenbrenner—he's the chairman of the House Judiciary Committee— has said over his dead body before it gets renewed without being thoroughly rechecked.
2004-10-08,KERRY,Dem,Whole bunch of folks in America concerned about the way the PATRIOT Act has been applied.
2004-10-08,KERRY,Dem,"In fact, the Inspector General of the Justice Department found that John Ashcroft had twice applied it in ways that were inappropriate."
2004-10-08,KERRY,Dem,People's rights have been abused.
2004-10-08,KERRY,Dem,"I met a man who spent 8 months in prison, wasn't even allowed to call his lawyer, wasn't allowed to—finally, Senator Dick Durbin of Illinois intervened and was able to get him out."
2004-10-08,KERRY,Dem,"This is in our country, folks, the United States of America."
2004-10-08,KERRY,Dem,They've got sneak-and-peak searches that are allowed.
2004-10-08,KERRY,Dem,"They've got people allowed to go into churches now and political meetings, without any showing of potential criminal activity or otherwise."
2004-10-08,KERRY,Dem,"Now, I voted for the PATRIOT Act."
2004-10-08,KERRY,Dem,Ninety-nine United States Senators voted for it.
2004-10-08,KERRY,Dem,"And the President has been very busy running around the country using what I just described to you as a reason to say I'm wishy-washy, that I'm a flip-flopper."
2004-10-08,KERRY,Dem,"Now, that's not a flip-flop."
2004-10-08,KERRY,Dem,I believe in the PATRIOT Act.
2004-10-08,KERRY,Dem,We need the things in it that coordinate the FBI and the CIA.
2004-10-08,KERRY,Dem,We need to be stronger on terrorism.
2004-10-08,KERRY,Dem,But you know what we also need to do as Americans is never let the terrorists change the Constitution of the United States in a way that disadvantages our rights.
2004-10-08,KERRY,Dem,"You know, Elizabeth, I really respect your—the feeling that's in your question."
2004-10-08,KERRY,Dem,I understand it.
2004-10-08,KERRY,Dem,"I know the morality that's prompting that question, and I respect it enormously."
2004-10-08,KERRY,Dem,"But like Nancy Reagan and so many other people—you know, I was at a forum with Michael J."
2004-10-08,KERRY,Dem,"Fox the other day in New Hampshire, who's suffering from Parkinson's, and he wants us to do stem cell—embryonic stem cell."
2004-10-08,KERRY,Dem,"And this fellow stood up, and he was quivering."
2004-10-08,KERRY,Dem,"His whole body was shaking from the nerve disease, the muscular disease that he had, and he said to me and to the whole hall, he said, you know, ""Don't take away my hope because my hope is what keeps me going."" Chris Reeve is a friend of mine."
2004-10-08,KERRY,Dem,"Chris Reeve exercises every single day to keep those muscles alive for the day when he believes he can walk again, and I want him to walk again."
2004-10-08,KERRY,Dem,I think we can save lives.
2004-10-08,KERRY,Dem,"Now, I think we can do ethically guided embryonic stem cell research."
2004-10-08,KERRY,Dem,"We have 100,000 to 200,000 embryos that are frozen in nitrogen today from fertility clinics."
2004-10-08,KERRY,Dem,These weren't taken from abortion or something like that.
2004-10-08,KERRY,Dem,"They're from a fertility clinic, and they're either going to be destroyed or left frozen."
2004-10-08,KERRY,Dem,"And I believe if we have the option, which scientists tell us we do, of curing Parkinson's, curing diabetes, curing some kind of a paraplegic or quadriplegic or a spinal cord injury, anything—that's the nature of the human spirit."
2004-10-08,KERRY,Dem,I think it is respecting life to reach for that cure.
2004-10-08,KERRY,Dem,I think it is respecting life to do it in an ethical way.
2004-10-08,KERRY,Dem,And the President's chosen a policy that makes it impossible for our scientists to do that.
2004-10-08,KERRY,Dem,"I want the future, and I think we have to grab it."
2004-10-08,BUSH,Rep,Embryonic stem cell research requires the destruction of life to create a stem cell.
2004-10-08,BUSH,Rep,"I'm the first President ever to allow funding, Federal funding, for embryonic stem cell research."
2004-10-08,BUSH,Rep,I did so because I too hope that we'll discover cures from the stem cells and from the research derived.
2004-10-08,BUSH,Rep,But I think we've got to be very careful in balancing the ethics and the science.
2004-10-08,BUSH,Rep,"And so I made the decision we wouldn't spend any more money beyond the 70 lines, 22 of which are now in action, because science is important but so is ethics, so is balancing life."
2004-10-08,BUSH,Rep,To destroy life to save life is one of the real ethical dilemmas that we face.
2004-10-08,BUSH,Rep,"There is going to be hundreds of experiments off the 22 lines that now exist, that are active, and hopefully we find a cure."
2004-10-08,BUSH,Rep,But as well we need to continue to pursue adult stem cell research.
2004-10-08,BUSH,Rep,I helped double the NIH budget to $28 billion a year to find cures.
2004-10-08,BUSH,Rep,"And the approach I took is one that I think is a balanced and necessary approach, to balance science and the concerns for life."
2004-10-08,KERRY,Dem,"When you talk about walking a waffle line, he says he's allowed it, which means he's going to allow the destruction of life up to a certain amount, and then he isn't going to allow it."
2004-10-08,KERRY,Dem,"Now, I don't know how you draw that line."
2004-10-08,KERRY,Dem,"But let me tell you pointblank, the lines of stem cells that he's made available, every scientist in the country will tell you, ""Not adequate,"" because they're contaminated by mouse cells and because there aren't 60 or 70; there are only about 11 to 20 now, and there aren't enough to be able to do the research because they're contaminated."
2004-10-08,KERRY,Dem,We've got to open up the possibilities of this research.
2004-10-08,KERRY,Dem,"And when I am President, I'm going to do it, because we have to."
2004-10-08,BUSH,Rep,Let me make sure you understand my decision.
2004-10-08,BUSH,Rep,Those stem cell lines already existed.
2004-10-08,BUSH,Rep,The embryo had already been destroyed prior to my decision.
2004-10-08,BUSH,Rep,I had to make the decision: Do we destroy more life; do we continue to destroy life?
2004-10-08,BUSH,Rep,I made the decision to balance science and ethics.
2004-10-08,BUSH,Rep,I'm not telling.
2004-10-08,BUSH,Rep,I really don't have—I haven't picked anybody yet.
2004-10-08,BUSH,Rep,"Plus, I want them all voting for me."
2004-10-08,BUSH,Rep,I would pick somebody who would not allow their personal opinion to get in the way of the law.
2004-10-08,BUSH,Rep,I would pick somebody who would strictly interpret the Constitution of the United States.
2004-10-08,BUSH,Rep,"Let me give you a couple of examples, I guess, of the kind of person I wouldn't pick."
2004-10-08,BUSH,Rep,"I wouldn't pick a judge who said that the Pledge of Allegiance couldn't be said in a school because it had the words ""under God"" in it."
2004-10-08,BUSH,Rep,"I think that's an example of a judge allowing personal opinion to enter into the decisionmaking process, as opposed to strict interpretation of the Constitution."
2004-10-08,BUSH,Rep,"Another example would be the Dred Scott case, which is where judges years ago said that the Constitution allowed slavery because of personal property rights."
2004-10-08,BUSH,Rep,That's personal opinion.
2004-10-08,BUSH,Rep,That's not what the Constitution says.
2004-10-08,BUSH,Rep,The Constitution of the United States says we're all—it doesn't say that.
2004-10-08,BUSH,Rep,It doesn't speak to the equality of America.
2004-10-08,BUSH,Rep,And so I would pick people that would be strict constructionists.
2004-10-08,BUSH,Rep,"We've got plenty of lawmakers in Washington, DC."
2004-10-08,BUSH,Rep,Legislators make law.
2004-10-08,BUSH,Rep,Judges interpret the Constitution.
2004-10-08,BUSH,Rep,And I suspect one of us will have a pick at the end of next year—next 4 years.
2004-10-08,BUSH,Rep,And that's the kind of judge I'm going to put on there—no litmus test except for how they interpret the Constitution.
2004-10-08,KERRY,Dem,"Thank you, Charlie."
2004-10-08,KERRY,Dem,"A few years ago, when he came to office, the President said—these are his words— ""What we need are some good conservative judges on the courts."" And he said also that his two favorite Justices are Justice Scalia and Justice Thomas."
2004-10-08,KERRY,Dem,So you get a pretty good sense of where he's heading if he were to appoint somebody.
2004-10-08,KERRY,Dem,"Now, here's what I believe."
2004-10-08,KERRY,Dem,"I don't believe we need a good conservative judge, and I don't believe we need a good liberal judge."
2004-10-08,KERRY,Dem,I don't believe we need a good judge of that kind of definition on either side.
2004-10-08,KERRY,Dem,I subscribe to the Justice Potter Stewart standard.
2004-10-08,KERRY,Dem,"He was a Justice on the Supreme Court of the United States, and he said the mark of a good judge, a good Justice, is that when you're reading their decision, their opinion, you can't tell if it's written by a man or a woman, a liberal or a conservative, a Muslim, a Jew, or a Christian."
2004-10-08,KERRY,Dem,You just know you're reading a good judicial decision.
2004-10-08,KERRY,Dem,"What I want to find, if I'm privileged to have the opportunity to do it—and the Supreme Court of the United States is at stake in this race, ladies and gentlemen, the future of things that matter to you in terms of civil rights, what kind of Justice Department you'll have, whether we'll enforce the law, will we have equal opportunity, will women's rights be protected, will we have equal pay for women, which is going backwards, will a woman's right to choose be protected."
2004-10-08,KERRY,Dem,"These are constitutional rights, and I want to make sure we have judges who interpret the Constitution of the United States according to the law."
2004-10-08,KERRY,Dem,I would say to that person exactly what I will say to you right now.
2004-10-08,KERRY,Dem,"First of all, I cannot tell you how deeply I respect the belief about life and when it begins."
2004-10-08,KERRY,Dem,"I'm a Catholic, raised a Catholic."
2004-10-08,KERRY,Dem,I was an altar boy.
2004-10-08,KERRY,Dem,Religion has been a huge part of my life.
2004-10-08,KERRY,Dem,"It helped lead me through a war, leads me today."
2004-10-08,KERRY,Dem,"But I can't take what is an article of faith for me and legislate it for someone who doesn't share that article of faith, whether they be agnostic, atheist, Jew, Protestant, whatever."
2004-10-08,KERRY,Dem,I can't do that.
2004-10-08,KERRY,Dem,But I can counsel people.
2004-10-08,KERRY,Dem,I can talk reasonably about life and about responsibility.
2004-10-08,KERRY,Dem,"I can talk to people, as my wife, Teresa, does, about making other choices and about abstinence and about all these other things that we ought to do as a responsible society."
2004-10-08,KERRY,Dem,"But as a President, I have to represent all the people in the Nation, and I have to make that judgment."
2004-10-08,KERRY,Dem,"Now, I believe that you can take that position and not be pro-abortion."
2004-10-08,KERRY,Dem,But you have to afford people their constitutional rights.
2004-10-08,KERRY,Dem,"And that means being smart about allowing people to be fully educated, to know what their options are in life, and making certain that you don't deny a poor person the right to be able to have whatever the Constitution affords them if they can't afford it otherwise."
2004-10-08,KERRY,Dem,That's why I think it's important.
2004-10-08,KERRY,Dem,"That's why I think it's important for the United States, for instance, not to have this rigid ideological restriction on helping families around the world to be able to make a smart decision about family planning."
2004-10-08,KERRY,Dem,You'll help prevent AIDS.
2004-10-08,KERRY,Dem,"You'll help prevent unwanted children, unwanted pregnancies."
2004-10-08,KERRY,Dem,"You'll actually do a better job, I think, of passing on the moral responsibility that is expressed in your question, and I truly respect it."
2004-10-08,BUSH,Rep,Trying to decipher that.
2004-10-08,BUSH,Rep,My answer is we're not going to spend Federal taxpayers' money on abortion.
2004-10-08,BUSH,Rep,"This is an issue that divides America, but certainly reasonable people can agree on how to reduce abortions in America."
2004-10-08,BUSH,Rep,I signed the ban on partial-birth abortion.
2004-10-08,BUSH,Rep,It's a brutal practice.
2004-10-08,BUSH,Rep,It's one way to help reduce abortions.
2004-10-08,BUSH,Rep,My opponent voted against the ban.
2004-10-08,BUSH,Rep,I think there ought to be parental notification laws.
2004-10-08,BUSH,Rep,He's against them.
2004-10-08,BUSH,Rep,I signed a bill called the Unborn Victims of Violence Act.
2004-10-08,BUSH,Rep,"In other words, if you're a mom and you're pregnant, you get killed, the murderer gets tried for two cases, not just one."
2004-10-08,BUSH,Rep,My opponent was against that.
2004-10-08,BUSH,Rep,These are reasonable ways to help promote a culture of life in America.
2004-10-08,BUSH,Rep,I think it is a worthy goal in America to have every child protected by law and welcomed in life.
2004-10-08,BUSH,Rep,I also think we ought to continue to have good adoption law as an alternative to abortion.
2004-10-08,BUSH,Rep,"And we need to promote maternity group homes, which my administration has done."
2004-10-08,BUSH,Rep,Culture of life is really important for a country to have if it's going to be a hospitable society.
2004-10-08,BUSH,Rep,Thank you.
2004-10-08,KERRY,Dem,"Well, again, the President just said categorically, ""My opponent is against this."
2004-10-08,KERRY,Dem,"My opponent is against that."" It's just not that simple."
2004-10-08,KERRY,Dem,"No, I'm not."
2004-10-08,KERRY,Dem,"I'm against the partial-birth abortion, but you've got to have an exception for the life of the mother and the health of the mother under the strictest test of bodily injury to the mother."
2004-10-08,KERRY,Dem,"Secondly, with respect to parental notification, I'm not going to require a 16- or 17-year old kid who's been raped by her father and who's pregnant to have to notify her father."
2004-10-08,KERRY,Dem,So you've got to have a judicial intervention.
2004-10-08,KERRY,Dem,"And because they didn't have a judicial intervention where she could go somewhere and get help, I voted against it."
2004-10-08,KERRY,Dem,It's never quite as simple as the President wants you to believe.
2004-10-08,BUSH,Rep,"It's pretty simple when they say, ""Are you for a ban on partial-birth abortion?"
2004-10-08,BUSH,Rep,"Yes or no."" And he was given a chance to vote, and he voted no."
2004-10-08,BUSH,Rep,And that's just the way it is.
2004-10-08,BUSH,Rep,That's a vote.
2004-10-08,BUSH,Rep,It came right up.
2004-10-08,BUSH,Rep,It's clear for everybody to see.
2004-10-08,BUSH,Rep,"And as I said, you can run, but you can't hide."
2004-10-08,BUSH,Rep,It's the reality.
2004-10-08,BUSH,Rep,Put a head fake on.
2004-10-08,BUSH,Rep,"I have made a lot of decisions, some of them little, like appointments to a board you've never heard of, and some of them big."
2004-10-08,BUSH,Rep,"And in a war, there's a lot of tactical decisions that historians will look back and say, ""You shouldn't have done that."
2004-10-08,BUSH,Rep,"You shouldn't have made that decision."" And I'll take responsibility for them."
2004-10-08,BUSH,Rep,I'm human.
2004-10-08,BUSH,Rep,"But on the big questions about whether or not we should have gone into Afghanistan, the big question about whether we should have removed somebody in Iraq, I'll stand by those decisions because I think they're right."
2004-10-08,BUSH,Rep,"That's really what you're— when they ask about the mistakes, that's what they're talking about."
2004-10-08,BUSH,Rep,"They're trying to say, ""Did you make a mistake going into Iraq?"" And the answer is absolutely not."
2004-10-08,BUSH,Rep,It was the right decision.
2004-10-08,BUSH,Rep,"The Duelfer report confirmed that decision today, because what Saddam Hussein was doing was trying to get rid of sanctions so he could reconstitute a weapons program, and the biggest threat facing America is terrorists with weapons of mass destruction."
2004-10-08,BUSH,Rep,We knew he hated us.
2004-10-08,BUSH,Rep,We knew he had been a—invaded other countries.
2004-10-08,BUSH,Rep,We knew he tortured his own people.
2004-10-08,BUSH,Rep,"On the tax cut, it's a big decision."
2004-10-08,BUSH,Rep,I did the right decision.
2004-10-08,BUSH,Rep,Our recession was one of the shallowest in modern history.
2004-10-08,BUSH,Rep,"Now, you ask what mistakes—I made some mistakes in appointing people, but I'm not going to name them."
2004-10-08,BUSH,Rep,I don't want to hurt their feelings on national TV.
2004-10-08,BUSH,Rep,"But history will look back, and I'm fully prepared to accept any mistakes that history judges to my administration."
2004-10-08,BUSH,Rep,"Because the President makes the decisions, the President has to take the responsibility."
2004-10-08,KERRY,Dem,"I believe the President made a huge mistake, a catastrophic mistake, not to live up to his own standard, which was build a true global coalition, give the inspectors time to finish their job, and go through the U.N."
2004-10-08,KERRY,Dem,process to its end and go to war as a last resort.
2004-10-08,KERRY,Dem,"I ask each of you just to look into your hearts, look into your guts—gut-check time."
2004-10-08,KERRY,Dem,Was this really going to war as a last resort?
2004-10-08,KERRY,Dem,"The President rushed our Nation to war without a plan to win the peace, and simple things weren't done."
2004-10-08,KERRY,Dem,"That's why Senator Lugar says ""incompetent"" in the delivery of services."
2004-10-08,KERRY,Dem,"That's why Senator Hagel, Republican, says, ""beyond pitiful, beyond embarrassing, in the zone of dangerous."" We didn't guard 850,000 tons of ammo."
2004-10-08,KERRY,Dem,That ammo is now being used against our kids.
2004-10-08,KERRY,Dem,Ten thousand out of twelve thousand Humvees aren't armored.
2004-10-08,KERRY,Dem,I've visited some of those kids with no limbs today because they didn't have the armor on those vehicles.
2004-10-08,KERRY,Dem,They didn't have the right body armor.
2004-10-08,KERRY,Dem,"I've met parents who've, on the Internet, gotten the armor to send their kids."
2004-10-08,KERRY,Dem,There's no bigger judgment for a President of the United States than how you take a nation to war.
2004-10-08,KERRY,Dem,"And you can't say, ""Because Saddam might have done it 10 years from now, that's a reason."" That's an excuse."
2004-10-08,BUSH,Rep,"He complains about the fact our troops don't have adequate equipment, yet he voted against the $87 billion supplemental I sent to the Congress and then issued one of the most amazing quotes in political history: ""I actually did vote for the $87 billion, before I voted against it."" Saddam Hussein was a risk to our country, ma'am."
2004-10-08,BUSH,Rep,And he was a risk that—and this is where we just have a difference of opinion.
2004-10-08,BUSH,Rep,"The truth of the matter is, if you listen carefully: Saddam would still be in power if he were the President of the United States, and the world would be ""a lot better off."""
2004-10-08,KERRY,Dem,Not necessarily be in power.
2004-10-08,KERRY,Dem,But here's what I'll say about the 87 billion: I made a mistake in the way I talked about it.
2004-10-08,KERRY,Dem,He made a mistake in invading Iraq.
2004-10-08,KERRY,Dem,Which is a worse decision?
2004-10-08,KERRY,Dem,"Now, I voted the way I voted because I saw that he had the policy wrong, and I wanted accountability."
2004-10-08,KERRY,Dem,I didn't want to give a slush fund to Halliburton.
2004-10-08,KERRY,Dem,"I also thought the wealthiest people in America ought to pay for it, ladies and gentlemen."
2004-10-08,KERRY,Dem,He wants your kids to pay for it.
2004-10-08,KERRY,Dem,"I wanted us to pay for it, since we're at war."
2004-10-08,KERRY,Dem,I don't think that's a bad decision.
2004-10-08,BUSH,Rep,Go ahead.
2004-10-08,BUSH,Rep,Actually——
2004-10-08,KERRY,Dem,You want to go first?
2004-10-08,BUSH,Rep,Either way.
2004-10-08,KERRY,Dem,Thank you.
2004-10-08,KERRY,Dem,"Charlie, thank you."
2004-10-08,KERRY,Dem,And thank you all.
2004-10-08,KERRY,Dem,"Thank you, all of you, for taking part; thanks for your questions tonight very, very much."
2004-10-08,KERRY,Dem,"Obviously, the President and I both have very strong convictions."
2004-10-08,KERRY,Dem,"I respect him for that, but we have a very different view about how to make America stronger and safer."
2004-10-08,KERRY,Dem,I will never cede the authority of our country or our security to any other nation.
2004-10-08,KERRY,Dem,"I'll never give a veto of American security to any other entity, not a nation, not a country, not an institution."
2004-10-08,KERRY,Dem,"But I know, as I think you do, that our country is strongest when we lead the world, when we lead strong alliances."
2004-10-08,KERRY,Dem,And that's the way Eisenhower and Reagan and Kennedy and others did it.
2004-10-08,KERRY,Dem,We are not doing that today.
2004-10-08,KERRY,Dem,We need to.
2004-10-08,KERRY,Dem,"I have a plan that will help us go out and kill and find the terrorists, and I will not stop in our effort to hunt down and kill the terrorists."
2004-10-08,KERRY,Dem,"But I also have a better plan on how we're going to deal with Iraq, training the Iraqi forces more rapidly, getting our allies back to the table with a fresh start, with new credibility, with a President whose judgment the rest of the world trusts."
2004-10-08,KERRY,Dem,"In addition to that, I believe we have a crisis here at home, a crisis of the middle class that is increasingly squeezed, health care costs going up."
2004-10-08,KERRY,Dem,I have a plan to provide health care to all Americans.
2004-10-08,KERRY,Dem,"I have a plan to provide for our schools so we keep the standards, but we help our teachers teach and elevate our schools by funding No Child Left Behind."
2004-10-08,KERRY,Dem,I have a plan to protect the environment so that we leave this place in better shape to our children than we were handed it by our parents.
2004-10-08,KERRY,Dem,That's the test.
2004-10-08,KERRY,Dem,I believe America's best days are ahead of us.
2004-10-08,KERRY,Dem,I'm an optimist.
2004-10-08,KERRY,Dem,"But we have to make the right choices, to be fiscally responsible and to create the new jobs of the future."
2004-10-08,KERRY,Dem,We can do this.
2004-10-08,KERRY,Dem,And I ask you for the privilege of leading our Nation to be stronger at home and respected again in the world.
2004-10-08,KERRY,Dem,Thank you.
2004-10-08,BUSH,Rep,"Charlie, thanks."
2004-10-08,BUSH,Rep,Thank you all very much.
2004-10-08,BUSH,Rep,It's been enjoyable.
2004-10-08,BUSH,Rep,"The great contest for the Presidency is about the future, who can lead, who can get things done."
2004-10-08,BUSH,Rep,"We've been through a lot together as a country, been through a recession, corporate scandals, war."
2004-10-08,BUSH,Rep,"And yet, think about where we are."
2004-10-08,BUSH,Rep,We added 1.9 million new jobs over the past 13 months.
2004-10-08,BUSH,Rep,The farm income in America is high.
2004-10-08,BUSH,Rep,Small businesses are flourishing.
2004-10-08,BUSH,Rep,Homeownership rate is at an alltime high in America.
2004-10-08,BUSH,Rep,We're on the move.
2004-10-08,BUSH,Rep,"Tonight I had a chance to discuss with you what to do to keep this economy going: Keep the taxes low, don't increase the scope of the Federal Government, keep regulations down, legal reform, a health care policy that does not empower the Federal Government but empowers individuals, and an energy plan that will help us become less dependent on foreign sources of energy."
2004-10-08,BUSH,Rep,"And abroad, we're at war, and it requires a President who is steadfast and strong and determined."
2004-10-08,BUSH,Rep,I vowed to the American people after that fateful day of September the 11th that we would not rest nor tire until we're safe.
2004-10-08,BUSH,Rep,"The 9/11 Commission put out a report that said America is safer, but not yet safe."
2004-10-08,BUSH,Rep,There's more work to be done.
2004-10-08,BUSH,Rep,We'll stay on the hunt on Al Qaida.
2004-10-08,BUSH,Rep,We'll deny sanctuary to these terrorists.
2004-10-08,BUSH,Rep,We'll make sure they do not end up with weapons of mass destruction.
2004-10-08,BUSH,Rep,"The great nexus, the great threat to our country is that these haters end up with weapons of mass destruction."
2004-10-08,BUSH,Rep,But our long-term security depends on our deep faith in liberty.
2004-10-08,BUSH,Rep,We'll continue to promote freedom around the world.
2004-10-08,BUSH,Rep,Freedom is on the march.
2004-10-08,BUSH,Rep,Tomorrow Afghanistan will be voting for a President.
2004-10-08,BUSH,Rep,"In Iraq, we'll be having free elections, and a free society will make this world more peaceful."
2004-10-08,BUSH,Rep,God bless.
2004-10-13,KERRY,Dem,"Well, first of all, Bob, thank you for moderating tonight."
2004-10-13,KERRY,Dem,"Thank you, Arizona State, for welcoming us."
2004-10-13,KERRY,Dem,And thank you to the Presidential Commission for undertaking this enormous task.
2004-10-13,KERRY,Dem,We're proud to be here.
2004-10-13,KERRY,Dem,Mr.
2004-10-13,KERRY,Dem,"President, I'm glad to be here with you again to share similarities and differences with the American people."
2004-10-13,KERRY,Dem,Will we ever be safe and secure again?
2004-10-13,KERRY,Dem,"Yes, we absolutely must be."
2004-10-13,KERRY,Dem,That's the goal.
2004-10-13,KERRY,Dem,"Now, how do we achieve it is the most critical component of it."
2004-10-13,KERRY,Dem,"I believe that this President, regrettably, rushed us into a war, made decisions about foreign policy, pushed alliances away, and as a result, America is now bearing this extraordinary burden where we are not as safe as we ought to be."
2004-10-13,KERRY,Dem,The measurement is not: Are we safer?
2004-10-13,KERRY,Dem,The measurement is: Are we as safe as we ought to be?
2004-10-13,KERRY,Dem,"And there are a host of options that this President had available to him, like making sure that at all our ports in America, containers are inspected."
2004-10-13,KERRY,Dem,Only 95 percent of them—95 percent come in today uninspected.
2004-10-13,KERRY,Dem,That's not good enough.
2004-10-13,KERRY,Dem,"People who fly on airplanes today—the cargo hold is not X-rayed, but the baggage is."
2004-10-13,KERRY,Dem,That's not good enough.
2004-10-13,KERRY,Dem,Firehouses don't have enough firefighters in them.
2004-10-13,KERRY,Dem,Police officers are being cut from the streets of America because the President decided to cut the COPS program.
2004-10-13,KERRY,Dem,So we can do a better job of homeland security.
2004-10-13,KERRY,Dem,"I can do a better job of waging a smarter, more effective war on terror and guarantee that we go after the terrorists."
2004-10-13,KERRY,Dem,"I will hunt them down, and we'll kill them."
2004-10-13,KERRY,Dem,We'll capture them.
2004-10-13,KERRY,Dem,We'll do what's ever necessary to be safe.
2004-10-13,KERRY,Dem,"But I pledge this to you, America: I will do it in the way that Franklin Roosevelt and Ronald Reagan and John Kennedy and others did, where we build the strongest alliances, where the world joins together, where we have the best intelligence, and where we are able, ultimately, to be more safe and secure."
2004-10-13,BUSH,Rep,"Bob, thank you very much."
2004-10-13,BUSH,Rep,I want to thank Arizona State as well.
2004-10-13,BUSH,Rep,"Yes, we can be safe and secure if we stay on the offense against the terrorists and if we spread freedom and liberty around the world."
2004-10-13,BUSH,Rep,"I have got a comprehensive strategy to not only chase down Al Qaida, wherever it exists—and we're making progress; three-quarters of Al Qaida leaders have been brought to justice—but to make sure that countries who harbor terrorists are held to account."
2004-10-13,BUSH,Rep,"As a result of securing ourselves and ridding the Taliban out of Afghanistan, the Afghan people had elections this weekend."
2004-10-13,BUSH,Rep,And the first voter was a 19-year-old woman.
2004-10-13,BUSH,Rep,Think about that.
2004-10-13,BUSH,Rep,Freedom is on the march.
2004-10-13,BUSH,Rep,We held to account a terrorist regime in Saddam Hussein.
2004-10-13,BUSH,Rep,"In other words, in order to make sure we're secure, there must be a comprehensive plan."
2004-10-13,BUSH,Rep,"My opponent, just this weekend, talked about how terrorism could be reduced to a ""nuisance,"" comparing it to prostitution and illegal gambling."
2004-10-13,BUSH,Rep,I think that attitude and that point of view is dangerous.
2004-10-13,BUSH,Rep,I don't think you can secure America for the long run if you don't have a comprehensive view as to how to defeat these people.
2004-10-13,BUSH,Rep,"At home, we'll do everything we can to protect the homeland."
2004-10-13,BUSH,Rep,I signed the homeland security bill to better align our assets and resources.
2004-10-13,BUSH,Rep,My opponent voted against it.
2004-10-13,BUSH,Rep,We're doing everything we can to protect our borders and ports.
2004-10-13,BUSH,Rep,"But absolutely, we can be secure in the long run."
2004-10-13,BUSH,Rep,"It just takes good, strong leadership."
2004-10-13,KERRY,Dem,Yes.
2004-10-13,KERRY,Dem,"When the President had an opportunity to capture or kill Usama bin Laden, he took his focus off of him, outsourced the job to Afghan warlords, and Usama bin Laden escaped."
2004-10-13,KERRY,Dem,"Six months after he said, ""Usama bin Laden must be caught, dead or alive,"" this President was asked, ""Where is Usama bin Laden?"" He said, ""I don't know."
2004-10-13,KERRY,Dem,I don't really think about him very much.
2004-10-13,KERRY,Dem,"I'm not that concerned."" We need a President who stays deadly focused on the real war on terror."
2004-10-13,BUSH,Rep,"Gosh, I don't think I ever said I'm not worried about Usama bin Laden."
2004-10-13,BUSH,Rep,That's kind of one of those exaggerations.
2004-10-13,BUSH,Rep,"Of course, we're worried about Usama bin Laden."
2004-10-13,BUSH,Rep,We're on the hunt after Usama bin Laden.
2004-10-13,BUSH,Rep,We're using every asset at our disposal to get Usama bin Laden.
2004-10-13,BUSH,Rep,My opponent said this war is a matter of intelligence and law enforcement.
2004-10-13,BUSH,Rep,"No, this is a—war is a matter of using every asset at our disposal to keep the American people protected."
2004-10-13,BUSH,Rep,"Bob, we relied upon a company out of England to provide about half of the flu vaccines for the United States citizen, and it turned out that the vaccine they were producing was contaminated."
2004-10-13,BUSH,Rep,And so we took the right action and didn't allow contaminated medicine into our country.
2004-10-13,BUSH,Rep,"We're working with Canada to, hopefully—that they'll produce a—help us realize the vaccine necessary to make sure our citizens have got flu vaccinations during this upcoming season."
2004-10-13,BUSH,Rep,"My call to our fellow Americans is, if you're healthy, if you're younger, don't get a flu shot this year."
2004-10-13,BUSH,Rep,"Help us prioritize those who need to get the flu shot, the elderly and the young."
2004-10-13,BUSH,Rep,"The CDC, responsible for health in the United States, is setting those priorities and is allocating the flu vaccine accordingly."
2004-10-13,BUSH,Rep,"I haven't gotten a flu shot, and I don't intend to, because I want to make sure that those who are most vulnerable get treated."
2004-10-13,BUSH,Rep,We have a problem with litigation in the United States of America.
2004-10-13,BUSH,Rep,"Vaccine manufacturers are worried about getting sued, and so, therefore, they have backed off from providing this kind of vaccine."
2004-10-13,BUSH,Rep,One of the reasons I'm such a strong believer in legal reform is so that people aren't afraid of producing a product that is necessary for the health of our citizens and then end up getting sued in a court of law.
2004-10-13,BUSH,Rep,"But the best thing we can do now, Bob, given the circumstances with the company in England, is for those of us who are younger and healthy, don't get a flu shot."
2004-10-13,KERRY,Dem,This really underscores the problem with the American health care system.
2004-10-13,KERRY,Dem,"It's not working for the American family, and it's gotten worse under President Bush over the course of the last years."
2004-10-13,KERRY,Dem,Five million Americans have lost their health insurance in this country.
2004-10-13,KERRY,Dem,"You got about a million right here in Arizona—just shy, 950,000—who have no health insurance at all."
2004-10-13,KERRY,Dem,Eighty-two thousand Arizonians lost their health insurance under President Bush's watch.
2004-10-13,KERRY,Dem,Two hundred and twenty-three thousand kids in Arizona have no health insurance at all.
2004-10-13,KERRY,Dem,"All across our country—go to Ohio, 1.4 million Ohioans have no health insurance; 114,000 of them lost it under President Bush; Wisconsin, 82,000 Wisconsinites lost it under President Bush."
2004-10-13,KERRY,Dem,"This President has turned his back on the wellness of America, and there is no system."
2004-10-13,KERRY,Dem,"In fact, it's starting to fall apart, not because of lawsuits—though they are a problem, and John Edwards and I are committed to fixing them—but because of the larger issue that we don't cover Americans."
2004-10-13,KERRY,Dem,Children across our country don't have health care.
2004-10-13,KERRY,Dem,"We're the richest country on the face of the planet, the only industrialized nation in the world not to do it."
2004-10-13,KERRY,Dem,I have a plan to cover all Americans.
2004-10-13,KERRY,Dem,We're going to make it affordable and accessible.
2004-10-13,KERRY,Dem,We're going to let everybody buy into the same health care plan the Senators and Congressmen give themselves.
2004-10-13,BUSH,Rep,"I would, thank you."
2004-10-13,BUSH,Rep,"I want to remind people listening tonight that a plan is not a litany of complaints, and a plan is not to lay out programs that you can't pay for."
2004-10-13,BUSH,Rep,He just said he wants everybody to be able to buy into the same plan that Senators and Congressman get.
2004-10-13,BUSH,Rep,"That costs the Government $7,700 per family."
2004-10-13,BUSH,Rep,"If every family in America signed up like the Senator suggested, it would cost us $5 trillion over 10 years."
2004-10-13,BUSH,Rep,It's an empty promise.
2004-10-13,BUSH,Rep,It's called bait and switch.
2004-10-13,BUSH,Rep,Thank you.
2004-10-13,KERRY,Dem,"Actually, it's not an empty promise."
2004-10-13,KERRY,Dem,It's really interesting because the President used that very plan as a reason for seniors to accept his prescription drug plan.
2004-10-13,KERRY,Dem,"He said, ""If it's good enough for the Congressmen and Senators to have choice, seniors ought to have choice."" What we do is we have choice."
2004-10-13,KERRY,Dem,I choose Blue Cross/Blue Shield.
2004-10-13,KERRY,Dem,"Other Senators, other Congressman choose other programs."
2004-10-13,KERRY,Dem,But the fact is we're going to help Americans be able to buy into it.
2004-10-13,KERRY,Dem,Those that can afford it are going to buy in themselves.
2004-10-13,KERRY,Dem,We're not giving this away for nothing.
2004-10-13,KERRY,Dem,"I'll tell you exactly how I can do it: by reinstating what President Bush took away, which is called pay as you go."
2004-10-13,KERRY,Dem,"During the 1990s, we had pay-as-you-go rules."
2004-10-13,KERRY,Dem,"If you were going to pass something in the Congress, you had to show where you were going to pay for it and how."
2004-10-13,KERRY,Dem,President Bush has taken—he's the only President in history to do this.
2004-10-13,KERRY,Dem,"He's also the only President since—in 72 years to lose jobs, 1.6 million jobs lost."
2004-10-13,KERRY,Dem,"He's the only President to have incomes of families go down for the last 3 years, the only President to see exports go down, the only President to see the lowest level of business investment in our country as it is today."
2004-10-13,KERRY,Dem,"Now, I'm going to reverse that."
2004-10-13,KERRY,Dem,I'm going to change that.
2004-10-13,KERRY,Dem,We're going to restore the fiscal discipline we had in the 1990s.
2004-10-13,KERRY,Dem,"Every plan that I have laid out, my health care plan, my plan for education, my plan for kids to be able to get better college loans, I've shown exactly how I'm going to pay for those."
2004-10-13,KERRY,Dem,"And we start—we don't do it exclusively, but we start by rolling back George Bush's unaffordable tax cut for the wealthiest people, people earning more than $200,000 a year, and we pass, hopefully, the McCain/Kerry commission, which identified some $60 billion that we can get."
2004-10-13,KERRY,Dem,We shut the loophole which has American workers actually subsidizing the loss of their own job.
2004-10-13,KERRY,Dem,"They just passed an expansion of that loophole in the last few days, $43 billion of giveaways, including favors to the oil and gas industry and to people importing ceiling fans from China."
2004-10-13,KERRY,Dem,"I'm going to stand up and fight for the American worker, and I'm going to do it in a way that's fiscally sound."
2004-10-13,KERRY,Dem,"I show how I pay for the health care, how we pay for the education."
2004-10-13,KERRY,Dem,I have a manufacturing jobs credit.
2004-10-13,KERRY,Dem,We pay for it by shutting that loophole overseas.
2004-10-13,KERRY,Dem,We raise the student loans.
2004-10-13,KERRY,Dem,I pay for it by changing the relationship with the banks.
2004-10-13,KERRY,Dem,"This President has never once vetoed one bill, the first President in 100 years not to do that."
2004-10-13,BUSH,Rep,"Well, his rhetoric doesn't match his record."
2004-10-13,BUSH,Rep,He's been a Senator for 20 years.
2004-10-13,BUSH,Rep,He voted to increase taxes 98 times.
2004-10-13,BUSH,Rep,"When they tried to reduce taxes, he voted against that 127 times."
2004-10-13,BUSH,Rep,"He talks about being a fiscal conservative or fiscally sound, but he voted over—he voted 277 times to waive the budget caps, which would have cost the taxpayers $4.2 trillion."
2004-10-13,BUSH,Rep,"He talks about pay-go—I'll tell you what pay-go means when you're a Senator from Massachusetts, when you're a colleague of Ted Kennedy: Pay-go means you pay, and he goes ahead and spends."
2004-10-13,BUSH,Rep,"He's proposed $2.2 trillion of new spending, and yet the so-called tax on the rich, which is also a tax on many small-business owners in America, raises 600 million by our account—billion—800 billion by his account."
2004-10-13,BUSH,Rep,There is a tax gap.
2004-10-13,BUSH,Rep,And guess who usually ends up filling the tax gap?
2004-10-13,BUSH,Rep,The middle class.
2004-10-13,BUSH,Rep,"I proposed a detailed budget, Bob."
2004-10-13,BUSH,Rep,"I sent up my budget man to the Congress, and he says, ""Here's how we're going to reduce the deficit in half by 5 years."" It requires pro-growth policies that grow our economy and fiscal sanity in the Halls of Congress."
2004-10-13,BUSH,Rep,"I say, Bob, ""I've got policies to continue to grow our economy and create the jobs of the 21st century, and here's some help for you to go get an education."
2004-10-13,BUSH,Rep,Here's some help for you to go to a community college.
2004-10-13,BUSH,Rep,We've expanded trade adjustment assistance.
2004-10-13,BUSH,Rep,"We want to help pay for you to gain the skills necessary to fill the jobs of the 21st century."" You know, there's a lot of talk about how to keep the economy growing, and we talk about fiscal matters."
2004-10-13,BUSH,Rep,But perhaps the best way to keep jobs here in America and to keep this economy growing is to make sure our education system works.
2004-10-13,BUSH,Rep,I went to Washington to solve problems.
2004-10-13,BUSH,Rep,And I saw a problem in the public education system in America.
2004-10-13,BUSH,Rep,"They were just shuffling too many kids through the system, year after year, grade after grade, without learning the basics."
2004-10-13,BUSH,Rep,"And so we said, ""Let's raise the standards."
2004-10-13,BUSH,Rep,"We're spending more money, but let's raise the standards and measure early and solve problems now, before it's too late."" You know, education is how to help the person who has lost a job."
2004-10-13,BUSH,Rep,Education is how to make sure this—we've got a workforce that's productive and competitive.
2004-10-13,BUSH,Rep,"You got—4 more years, I've got more to do to continue to raise standards, to continue to reward teachers and school districts that are working, to emphasize math and science in the classrooms, to continue to expand Pell grants, to make sure that people have an opportunity to start their career with a college diploma."
2004-10-13,BUSH,Rep,"And so to the person you talked to, I say, ""Here's some help."
2004-10-13,BUSH,Rep,"Here's some trade adjustment assistance money for you to go to a community college in your neighborhood, a community college which is providing the skills necessary to fill the jobs of the 21st century."" And that's what we'd say to that person."
2004-10-13,KERRY,Dem,I want you to notice how the President switched away from jobs and started talking about education principally.
2004-10-13,KERRY,Dem,"Let me come back in one moment to that, but I want to speak for a second, if I can, to what the President said about fiscal responsibility."
2004-10-13,KERRY,Dem,Being lectured by the President on fiscal responsibility is a little bit like Tony Soprano talking to me about law and order in this country.
2004-10-13,KERRY,Dem,This President has taken a $5.6 trillion surplus and turned it into deficits as far as the eye can see.
2004-10-13,KERRY,Dem,Health care costs for the average American have gone up 64 percent.
2004-10-13,KERRY,Dem,"Tuitions have gone up 35 percent, gasoline prices up 30 percent."
2004-10-13,KERRY,Dem,Medicare premiums went up 17 percent a few days ago.
2004-10-13,KERRY,Dem,Prescription drugs are up 12 percent a year.
2004-10-13,KERRY,Dem,"But guess what, America?"
2004-10-13,KERRY,Dem,The wages of Americans have gone down.
2004-10-13,KERRY,Dem,"The jobs that are being created in Arizona right now are paying about $13,700 less than the jobs that we're losing, and the President just walks on by this problem."
2004-10-13,KERRY,Dem,The fact is that he's cut job training money.
2004-10-13,KERRY,Dem,A billion dollars was cut.
2004-10-13,KERRY,Dem,They only added a little bit back this year because it's an election year.
2004-10-13,KERRY,Dem,They've cut the Pell grants and the Perkins loans to help kids be able to go to college.
2004-10-13,KERRY,Dem,They've cut the training money.
2004-10-13,KERRY,Dem,They've wound up not even extending unemployment benefits and not even extending health care to those people who are unemployed.
2004-10-13,KERRY,Dem,I'm going to do those things because that's what right in America: Help workers to transition in every respect.
2004-10-13,KERRY,Dem,I don't blame them entirely for it.
2004-10-13,KERRY,Dem,I blame the President for the things the President could do that has an impact on it.
2004-10-13,KERRY,Dem,Outsourcing is going to happen.
2004-10-13,KERRY,Dem,I've acknowledged that in union halls across the country.
2004-10-13,KERRY,Dem,"I've had shop stewards stand up and say, ""Will you promise me you're going to stop all this outsourcing?"" And I've looked them in the eye and I've said, ""No, I can't do that."" What I can promise you is that I will make the playing field as fair as possible, that I will, for instance, make certain that with respect to the tax system, that you as a worker in America are not subsidizing the loss of your job."
2004-10-13,KERRY,Dem,"Today, if you're an American business, you actually get a benefit for going overseas."
2004-10-13,KERRY,Dem,You get to defer your taxes.
2004-10-13,KERRY,Dem,"So if you're looking at a competitive world, you say to yourself, ""Hey, I do better overseas than I do here in America."" That's not smart."
2004-10-13,KERRY,Dem,I don't want American workers subsidizing the loss of their own job.
2004-10-13,KERRY,Dem,"And when I'm President, we're going to shut that loophole in a nanosecond, and we're going to use that money to lower corporate tax rates in America for all corporations 5 percent."
2004-10-13,KERRY,Dem,And we're going to have a manufacturing jobs credit and a job hiring credit so we actually help people be able to hire here.
2004-10-13,KERRY,Dem,The second thing that we can do is provide a fair trade playing field.
2004-10-13,KERRY,Dem,This President didn't stand up for Boeing when Airbus was violating international rules with subsidies.
2004-10-13,KERRY,Dem,He discovered Boeing during the course of this campaign after I've been talking about it for months.
2004-10-13,KERRY,Dem,The fact is that the President had an opportunity to stand up and take on China for currency manipulation.
2004-10-13,KERRY,Dem,There are companies that wanted to petition the administration.
2004-10-13,KERRY,Dem,"They were told, ""Don't even bother."
2004-10-13,KERRY,Dem,"We're not going to listen to it."" The fact is that there have been markets shut to us that we haven't stood up and fought for."
2004-10-13,KERRY,Dem,I'm going to fight for a fair trade playing field for the American worker.
2004-10-13,KERRY,Dem,And I will fight for the American worker just as hard as I fight for my own job.
2004-10-13,KERRY,Dem,That's what the American worker wants.
2004-10-13,KERRY,Dem,"And if we do that, we can have an impact."
2004-10-13,KERRY,Dem,"Plus, we need fiscal discipline."
2004-10-13,KERRY,Dem,"Restore fiscal discipline, we'll do a lot better."
2004-10-13,BUSH,Rep,Whoo!
2004-10-13,BUSH,Rep,Let me start with the Pell grants.
2004-10-13,BUSH,Rep,"In his last litany of misstatements, he said we cut Pell grants."
2004-10-13,BUSH,Rep,We've increased Pell grants by a million students.
2004-10-13,BUSH,Rep,That's a fact.
2004-10-13,BUSH,Rep,Here he talks to the workers; let me talk to the workers.
2004-10-13,BUSH,Rep,You got more money in your pocket as a result of the tax relief we passed and he opposed.
2004-10-13,BUSH,Rep,"If you have a child, you got a $1,000 child credit."
2004-10-13,BUSH,Rep,That's money in your pocket.
2004-10-13,BUSH,Rep,"If you're married, we reduced the marriage penalty."
2004-10-13,BUSH,Rep,"The code ought to encourage marriage, not discourage marriage."
2004-10-13,BUSH,Rep,We created a 10-percent bracket to help lower income Americans.
2004-10-13,BUSH,Rep,"A family of four making 40,000 received about $1,700 in tax relief."
2004-10-13,BUSH,Rep,It's your money.
2004-10-13,BUSH,Rep,"The way my opponent talks, he said we're going to spend the Government's money."
2004-10-13,BUSH,Rep,"No, we're spending your money."
2004-10-13,BUSH,Rep,"And when you have more money in your pocket, you're able to better afford things you want."
2004-10-13,BUSH,Rep,"I believe the role of Government is to stand side by side with our citizens to help them realize their dreams, not tell citizens how to live their lives."
2004-10-13,BUSH,Rep,My opponent talks about fiscal sanity.
2004-10-13,BUSH,Rep,His record in the United States Senate does not match his rhetoric.
2004-10-13,BUSH,Rep,He voted to increase taxes 98 times and to bust the budget 277 times.
2004-10-13,KERRY,Dem,"Bob, anybody can play with these votes; everybody knows that."
2004-10-13,KERRY,Dem,I have supported or voted for tax cuts over 600 times.
2004-10-13,KERRY,Dem,"I broke with my party in order to balance the budget, and Ronald Reagan signed into law the tax cut that we voted for."
2004-10-13,KERRY,Dem,I voted for IRA tax cuts.
2004-10-13,KERRY,Dem,I voted for small-business tax cuts.
2004-10-13,KERRY,Dem,But you know why the Pell grants have gone up in their numbers?
2004-10-13,KERRY,Dem,"Because more people qualified for them, because they don't have money."
2004-10-13,KERRY,Dem,"But they're not getting the $5,100 the President promised them."
2004-10-13,KERRY,Dem,They're getting less money.
2004-10-13,KERRY,Dem,There are more people who qualify.
2004-10-13,KERRY,Dem,That's not what we want.
2004-10-13,BUSH,Rep,"Senator, no one is playing with your votes."
2004-10-13,BUSH,Rep,You voted to increase taxes 98 times.
2004-10-13,BUSH,Rep,"When they voted—when they proposed reducing taxes, you voted against it 126 times."
2004-10-13,BUSH,Rep,You voted to violate the budget caps 277 times.
2004-10-13,BUSH,Rep,"You know, there's a mainstream in American politics."
2004-10-13,BUSH,Rep,You sit right on the far left bank.
2004-10-13,BUSH,Rep,"As a matter of fact, your record is such that Ted Kennedy, your colleague, is the conservative Senator from Massachusetts."
2004-10-13,BUSH,Rep,"You know, Bob, I don't know."
2004-10-13,BUSH,Rep,I just don't know.
2004-10-13,BUSH,Rep,"I do know that we have a choice to make in America, and that is to treat people with tolerance and respect and dignity."
2004-10-13,BUSH,Rep,It's important that we do that.
2004-10-13,BUSH,Rep,"I also know, in a free society, people, consenting adults, can live the way they want to live."
2004-10-13,BUSH,Rep,And that's to be honored.
2004-10-13,BUSH,Rep,"But as we respect someone's rights and as we profess tolerance, we shouldn't change—or have to change our basic views on the sanctity of marriage."
2004-10-13,BUSH,Rep,I believe in the sanctity of marriage.
2004-10-13,BUSH,Rep,I think it's very important that we protect marriage as an institution between a man and a woman.
2004-10-13,BUSH,Rep,I proposed a constitutional amendment.
2004-10-13,BUSH,Rep,The reason I did so was because I was worried that activist judges are actually defining the definition of marriage.
2004-10-13,BUSH,Rep,And the surest way to protect marriage between a man and woman is to amend the Constitution.
2004-10-13,BUSH,Rep,It has also the benefit of allowing citizens to participate in the process.
2004-10-13,BUSH,Rep,"After all, when you amend the Constitution, State legislatures must participate in the ratification of the Constitution."
2004-10-13,BUSH,Rep,I'm deeply concerned that judges are making those decisions and not the citizenry of the United States.
2004-10-13,BUSH,Rep,"You know, Congress passed a law called DOMA, the Defense of Marriage Act."
2004-10-13,BUSH,Rep,My opponent was against it.
2004-10-13,BUSH,Rep,It basically protected States from the action of one State to another.
2004-10-13,BUSH,Rep,It also defined marriage as between a man and a woman.
2004-10-13,BUSH,Rep,"But I'm concerned that that will get overturned, and if it gets overturned, then we'll end up with marriage being defined by courts."
2004-10-13,BUSH,Rep,And I don't think that's in our Nation's interest.
2004-10-13,KERRY,Dem,"We're all God's children, Bob, and I think if you were to talk to Dick Cheney's daughter, who is a lesbian, she would tell you that she's being who she was."
2004-10-13,KERRY,Dem,She's being who she was born as.
2004-10-13,KERRY,Dem,"I think if you talk to anybody, it's not choice."
2004-10-13,KERRY,Dem,"I've met people who've struggled with this for years, people who were in a marriage because they were living a sort of convention, and they struggled with it."
2004-10-13,KERRY,Dem,"And I've met wives who are supportive of their husbands, or vice versa, when they finally sort of broke out and allowed themselves to live who they were, who they felt God had made them."
2004-10-13,KERRY,Dem,I think we have to respect that.
2004-10-13,KERRY,Dem,The President and I share the belief that marriage is between a man and a woman.
2004-10-13,KERRY,Dem,I believe that.
2004-10-13,KERRY,Dem,I believe marriage is between a man and a woman.
2004-10-13,KERRY,Dem,"But I also believe that because we are the United States of America, we're a country with a great, unbelievable Constitution, with rights that we afford people, that you can't discriminate in the workplace."
2004-10-13,KERRY,Dem,You can't discriminate in the rights that you afford people.
2004-10-13,KERRY,Dem,You can't disallow someone the right to visit their partner in a hospital.
2004-10-13,KERRY,Dem,"You have to allow people to transfer property, which is why I'm for partnership rights and so forth."
2004-10-13,KERRY,Dem,"Now, with respect to DOMA and the marriage laws, the States have always been able to manage those laws, and they're proving today, every State, that they can manage them adequately."
2004-10-13,KERRY,Dem,I respect their views.
2004-10-13,KERRY,Dem,I completely respect their views.
2004-10-13,KERRY,Dem,"I am a Catholic, and I grew up learning how to respect those views."
2004-10-13,KERRY,Dem,"But I disagree with them, as do many."
2004-10-13,KERRY,Dem,I believe that I can't legislate or transfer to another American citizen my article of faith.
2004-10-13,KERRY,Dem,What is an article of faith for me is not something that I can legislate on somebody who doesn't share that article of faith.
2004-10-13,KERRY,Dem,I believe that choice is a woman's choice.
2004-10-13,KERRY,Dem,"It's between a woman, God, and her doctor, and that's why I support that."
2004-10-13,KERRY,Dem,"Now, I will not allow somebody to come in and change Roe v."
2004-10-13,KERRY,Dem,Wade.
2004-10-13,KERRY,Dem,"The President has never said whether or not he would do that, but we know from the people he's tried to appoint to the court, he wants to."
2004-10-13,KERRY,Dem,I will not.
2004-10-13,KERRY,Dem,I will defend the right of Roe v.
2004-10-13,KERRY,Dem,Wade.
2004-10-13,KERRY,Dem,"Now, with respect to religion, you know, as I said, I grew up a Catholic."
2004-10-13,KERRY,Dem,I was an altar boy.
2004-10-13,KERRY,Dem,"I know that throughout my life, this has made a difference to me."
2004-10-13,KERRY,Dem,"And as President Kennedy said when he ran for President, he said, ""I'm not running to be a Catholic President."
2004-10-13,KERRY,Dem,"I'm running to be a President who happens to be Catholic."" Now, my faith affects everything that I do and choose."
2004-10-13,KERRY,Dem,"There's a great passage of the Bible that says, ""What does it mean, my brother, to say you have faith, if there are no deeds?"
2004-10-13,KERRY,Dem,"Faith without works is dead."" And I think that everything you do in public life has to be guided by your faith, affected by your faith, but without transferring it in any official way to other people."
2004-10-13,KERRY,Dem,That's why I fight against poverty.
2004-10-13,KERRY,Dem,That's why I fight to clean up the environment and protect this Earth.
2004-10-13,KERRY,Dem,That's why I fight for equality and justice.
2004-10-13,KERRY,Dem,All of those things come out of that fundamental teaching and belief of faith.
2004-10-13,KERRY,Dem,"But I know this, that President Kennedy, in his Inaugural Address, told all of us that, ""Here on Earth, God's work must truly be our own."" And that's what we have to—so I think that's the test of public service."
2004-10-13,BUSH,Rep,I think it's important to promote a culture of life.
2004-10-13,BUSH,Rep,I think a hospitable society is a society where every being counts and every person matters.
2004-10-13,BUSH,Rep,I believe the ideal world is one in which every child is protected in law and welcomed to life.
2004-10-13,BUSH,Rep,"I understand there's great differences on this issue of abortion, but I believe reasonable people can come together and put good law in place that will help reduce the number of abortions."
2004-10-13,BUSH,Rep,"Take, for example, the ban on partial-birth abortion."
2004-10-13,BUSH,Rep,It's a brutal practice.
2004-10-13,BUSH,Rep,People from both political parties came together in the Halls of Congress and voted overwhelmingly to ban that practice.
2004-10-13,BUSH,Rep,It made a lot of sense.
2004-10-13,BUSH,Rep,"My opponent, in that he's out of the mainstream, voted against that law."
2004-10-13,BUSH,Rep,"What I'm saying is, is that as we promote life and promote a culture of life, surely there are ways we can work together to reduce the number of abortions: Continue to promote adoption laws—that's a great alternative to abortion; continue to fund and promote maternity group homes."
2004-10-13,BUSH,Rep,I will continue to promote abstinence programs.
2004-10-13,BUSH,Rep,"At the last debate, my opponent said his wife was involved with those programs."
2004-10-13,BUSH,Rep,"That's great, and I appreciate that very much."
2004-10-13,BUSH,Rep,All of us ought to be involved with programs that provide a viable alternative to abortion.
2004-10-13,BUSH,Rep,"Gosh, I sure hope it's not the administration."
2004-10-13,BUSH,Rep,"No, there is a—look, there's a systemic problem."
2004-10-13,BUSH,Rep,Health care costs are on the rise because the consumers are not involved in the decisionmaking process.
2004-10-13,BUSH,Rep,"Most health care costs are covered by third parties, and therefore, the actual user of health care is not the purchaser of health care."
2004-10-13,BUSH,Rep,And there's no market forces involved with health care.
2004-10-13,BUSH,Rep,It's one of the reasons I'm a strong believer in what they call health savings accounts.
2004-10-13,BUSH,Rep,"These are accounts that allow somebody to buy a low-premium, high-deductible catastrophic plan and couple it with tax-free savings."
2004-10-13,BUSH,Rep,Businesses can contribute; employees can contribute on a contractual basis.
2004-10-13,BUSH,Rep,But this is a way to make sure people are actually involved with the decisionmaking process on health care.
2004-10-13,BUSH,Rep,"Secondly, I do believe the lawsuits—I don't believe, I know—that the lawsuits are causing health care costs to rise in America."
2004-10-13,BUSH,Rep,That's why I'm such a strong believer in medical liability reform.
2004-10-13,BUSH,Rep,"At the last debate, my opponent said, ""Well, they only—these lawsuits only cause costs to go up by one percent."" Well, he didn't include the defensive practice of medicine that costs the Federal Government some $28 billion a year and costs our society between 60 and 100 billion dollars a year."
2004-10-13,BUSH,Rep,"Thirdly, one of the reasons why there's still high costs in medicine is because this is the—they don't use information technology."
2004-10-13,BUSH,Rep,It's like if you looked at the—it's the equivalent of the buggy-and-horse days compared to other industries here in America.
2004-10-13,BUSH,Rep,And so we've got to introduce high technology into health care.
2004-10-13,BUSH,Rep,We're beginning to do it.
2004-10-13,BUSH,Rep,We're changing the language.
2004-10-13,BUSH,Rep,We want there to be electronic medical records to cut down on error as well as to reduce costs.
2004-10-13,BUSH,Rep,"People tell me that when the health care field is fully integrated with information technology, it will wring some 20 percent of the costs out of the system."
2004-10-13,BUSH,Rep,"And finally, moving generic drugs to the market quicker."
2004-10-13,BUSH,Rep,"So, those are four ways to help control the costs in health care."
2004-10-13,KERRY,Dem,The reason health care costs are getting higher—one of the principal reasons is that this administration has stood in the way of commonsense efforts that would have reduced the costs.
2004-10-13,KERRY,Dem,Let me give you a prime example.
2004-10-13,KERRY,Dem,"In the Senate, we passed the right of Americans to import drugs from Canada."
2004-10-13,KERRY,Dem,"But the President and his friends took it out in the House, and now you don't have that right."
2004-10-13,KERRY,Dem,The President blocked you from the right to have less expensive drugs from Canada.
2004-10-13,KERRY,Dem,We also wanted Medicare to be able to negotiate bulk purchasing.
2004-10-13,KERRY,Dem,The VA does that.
2004-10-13,KERRY,Dem,The VA provides lower cost drugs to our veterans.
2004-10-13,KERRY,Dem,We could have done that in Medicare.
2004-10-13,KERRY,Dem,Medicare is paid for by the American taxpayer.
2004-10-13,KERRY,Dem,Medicare belongs to you.
2004-10-13,KERRY,Dem,"Medicare is for seniors who are— many of them—on fixed income, to lift them out of poverty."
2004-10-13,KERRY,Dem,"But rather than help you, the taxpayer, have lower cost, rather than help seniors have less expensive drugs, the President made it illegal—illegal—for Medicare to actually go out and bargain for lower prices."
2004-10-13,KERRY,Dem,Result: $139 billion windfall profit to the drug companies coming out of your pockets.
2004-10-13,KERRY,Dem,That's a large part of your 17-percent increase in Medicare premiums.
2004-10-13,KERRY,Dem,"When I'm President, I'm sending that back to Congress, and we're going to get a real prescription drug benefit."
2004-10-13,KERRY,Dem,"Now, we also have people sicker because they don't have health insurance."
2004-10-13,KERRY,Dem,"So whether it's diabetes or cancer, they come to the hospitals later, and it costs America more."
2004-10-13,KERRY,Dem,We've got to have health care for all Americans.
2004-10-13,BUSH,Rep,"I think it's important, since he talked about the Medicare plan— he's been in the United States Senate for 20 years."
2004-10-13,BUSH,Rep,"He has no record on reforming of health care, no record at all."
2004-10-13,BUSH,Rep,"He introduced some 300 bills, and he's passed 5— no record of leadership."
2004-10-13,BUSH,Rep,I came to Washington to solve problems.
2004-10-13,BUSH,Rep,"I was deeply concerned about seniors having to choose between prescription drugs and food, and so I led."
2004-10-13,BUSH,Rep,"And in 2006, our seniors will get a prescription drug coverage in Medicare."
2004-10-13,KERRY,Dem,"Once again, the President is misleading America."
2004-10-13,KERRY,Dem,I've actually passed 56 individual bills that I've personally written.
2004-10-13,KERRY,Dem,"And in addition to that, they're not always under my name; there is amendments on certain bills."
2004-10-13,KERRY,Dem,"But more importantly, with respect to the question of ""no record,"" I helped write—I did write—I was one of the original authors of the early childhood health care and the expansion of health care that we did in the middle of the 1990s."
2004-10-13,KERRY,Dem,And I'm very proud of that.
2004-10-13,KERRY,Dem,So the President's wrong.
2004-10-13,KERRY,Dem,That's correct.
2004-10-13,KERRY,Dem,"Well, two leading national news networks have both said the President's characterization of my health care plan is incorrect."
2004-10-13,KERRY,Dem,One called it fiction.
2004-10-13,KERRY,Dem,The other called it untrue.
2004-10-13,KERRY,Dem,"The fact is that my health care plan, America, is very simple."
2004-10-13,KERRY,Dem,It gives you the choice.
2004-10-13,KERRY,Dem,I don't force you to do anything.
2004-10-13,KERRY,Dem,It's not a Government plan.
2004-10-13,KERRY,Dem,The Government doesn't require you to do anything.
2004-10-13,KERRY,Dem,You choose your doctor.
2004-10-13,KERRY,Dem,You choose your plan.
2004-10-13,KERRY,Dem,"If you don't want to take the offer of the plan that I want to put forward, you don't have to."
2004-10-13,KERRY,Dem,"You can keep what you have today, keep a high deductible, keep high premiums, keep a high co-pay, keep low benefits."
2004-10-13,KERRY,Dem,"But I got a better plan, and I don't think a lot of people are going to want to keep what they have today."
2004-10-13,KERRY,Dem,Here's what I do.
2004-10-13,KERRY,Dem,We take over Medicaid children from the States so that every child in America is covered.
2004-10-13,KERRY,Dem,"And in exchange, if the States want to—they're not forced to; they can choose to—they cover individuals up to 300 percent of poverty."
2004-10-13,KERRY,Dem,It's their choice.
2004-10-13,KERRY,Dem,"I think they'll choose it, because it's a net plus of $5 billion to them."
2004-10-13,KERRY,Dem,We allow you—if you choose to; you don't have to—but we give you broader competition to allow you to buy into the same health care plan that Senators and Congressmen give themselves.
2004-10-13,KERRY,Dem,"If it's good enough for us, it's good enough for every American."
2004-10-13,KERRY,Dem,"I believe that your health care is just as important as any politician in Washington, DC."
2004-10-13,KERRY,Dem,"If you want to buy into it, you can."
2004-10-13,KERRY,Dem,We give you broader competition.
2004-10-13,KERRY,Dem,That helps lower prices.
2004-10-13,KERRY,Dem,"In addition to that, we're going to allow people 55 to 64 to buy into Medicare early."
2004-10-13,KERRY,Dem,"And most importantly, we give small business a 50-percent tax credit so that after we lower the cost of health care, they also get, whether they're self-employed or a small business, a lower cost to be able to cover their employees."
2004-10-13,KERRY,Dem,"Now, what happens is, when you begin to get people covered like that—for instance, in diabetes, if you diagnose diabetes early, you could save $50 billion in the health care system of America by avoiding surgery and dialysis."
2004-10-13,KERRY,Dem,"It works, and I'm going to offer it to America."
2004-10-13,BUSH,Rep,"In all due respect, I'm not so sure it's credible to quote leading news organizations about—well, never mind."
2004-10-13,BUSH,Rep,Anyway— —let me quote the Lewin report.
2004-10-13,BUSH,Rep,The Lewin report is a group of folks who are not politically affiliated.
2004-10-13,BUSH,Rep,They analyzed the Senator's plan.
2004-10-13,BUSH,Rep,It costs $1.2 trillion.
2004-10-13,BUSH,Rep,The Lewin report accurately noted that there are going to be 20 million people—over 20 million people added to Government-controlled health care.
2004-10-13,BUSH,Rep,It will be the largest increase in Government health care ever.
2004-10-13,BUSH,Rep,"If you raise the Medicaid to 300 percent, it provides an incentive for small businesses not to provide private insurance to their employees."
2004-10-13,BUSH,Rep,Why should they insure somebody when the Government is going to insure for them?
2004-10-13,BUSH,Rep,It's estimated that 8 million people will go from private insurance to Government insurance.
2004-10-13,BUSH,Rep,We have a fundamental difference of opinion.
2004-10-13,BUSH,Rep,"I think Government-run health will lead to poor quality health, will lead to rationing, will lead to less choice."
2004-10-13,BUSH,Rep,"Once a health care program ends up in a line item in the Federal Government budget, it leads to more controls."
2004-10-13,BUSH,Rep,And just look at other countries that have tried to have federally controlled health care.
2004-10-13,BUSH,Rep,They have poor quality health care.
2004-10-13,BUSH,Rep,"Our health care system is the envy of the world because we believe in making sure that the decisions are made by doctors and patients, not by officials in the Nation's Capital."
2004-10-13,KERRY,Dem,The President just said that Government-run health care results in poor quality.
2004-10-13,KERRY,Dem,"Now, maybe that explains why he hasn't fully funded the VA, and the VA hospital is having trouble, and veterans are complaining."
2004-10-13,KERRY,Dem,Maybe that explains why Medicare patients are complaining about being pushed off of Medicare—he doesn't adequately fund it.
2004-10-13,KERRY,Dem,"But let me just say to America, I am not proposing a Government-run program."
2004-10-13,KERRY,Dem,That's not what I have.
2004-10-13,KERRY,Dem,I have Blue Cross/Blue Shield.
2004-10-13,KERRY,Dem,Senators and Congressmen have a wide choice.
2004-10-13,KERRY,Dem,Americans ought to have it too.
2004-10-13,BUSH,Rep,You talk about the VA.
2004-10-13,BUSH,Rep,We've increased VA funding by 22 billion in the 4 years since I've been President.
2004-10-13,BUSH,Rep,That's twice the amount that my predecessor increased VA funding.
2004-10-13,BUSH,Rep,"Of course, we're meeting our obligation to our veterans, and the veterans know that."
2004-10-13,BUSH,Rep,We're expanding veterans' health care throughout the country.
2004-10-13,BUSH,Rep,We're aligning facilities where the veterans live now.
2004-10-13,BUSH,Rep,"Veterans are getting very good health care under my administration, and they will continue to do so during the next 4 years."
2004-10-13,BUSH,Rep,"Bob, first let me make sure that every senior listening today understands that when we're talking about reforming Social Security, that they'll still get their checks."
2004-10-13,BUSH,Rep,"I remember the 2000 campaign; people said, ""If George W."
2004-10-13,BUSH,Rep,"gets elected, your check will be taken away."" Well, people got their checks, and they will continue to get their checks."
2004-10-13,BUSH,Rep,"There is a problem for our youngsters, a real problem, and if we don't act today, the problem will be valued in the trillions."
2004-10-13,BUSH,Rep,And so I think we need to think differently.
2004-10-13,BUSH,Rep,"We'll honor our commitment to our seniors, but for young—for our children and our grandchildren, we need to have a different strategy."
2004-10-13,BUSH,Rep,"In recognizing that, I called together a group of our fellow citizens to study the issue."
2004-10-13,BUSH,Rep,"It was a committee chaired by the late Senator Daniel Patrick Moynihan of New York, a Democrat."
2004-10-13,BUSH,Rep,And they came up with a variety of ideas for people to look at.
2004-10-13,BUSH,Rep,"I believe that younger workers ought to be allowed to take some of their own money and put it in a personal savings account, because I understand that they need to get better rates of return than the rates of return being given in the current Social Security trust."
2004-10-13,BUSH,Rep,And the compounding rate of interest effect will make it more likely that the Social Security system is solvent for our children and our grandchildren.
2004-10-13,BUSH,Rep,I will work with Republicans and Democrats.
2004-10-13,BUSH,Rep,This will be a vital issue in my second term.
2004-10-13,BUSH,Rep,It is an issue that I'm willing to take on.
2004-10-13,BUSH,Rep,"And so I'll bring Republicans and Democrats together, and we're of course going to have to consider the costs."
2004-10-13,BUSH,Rep,"But I want to warn my fellow citizens the cost of doing nothing, the cost of saying the current system is okay, far exceeds the cost of trying to make sure we save the system for our children."
2004-10-13,KERRY,Dem,You just heard the President say that young people ought to be able to take money out of Social Security and put it in their own accounts.
2004-10-13,KERRY,Dem,"Now, my fellow Americans, that's an invitation to disaster."
2004-10-13,KERRY,Dem,"The CBO said very clearly that if you were to adopt the President's plan, there will be a $2 trillion hole in Social Security, because today's workers pay into the system for today's retirees."
2004-10-13,KERRY,Dem,And the CBO said—that's the Congressional Budget Office; it's bipartisan—they said that there would have to be a cut in benefits of 25 to 40 percent.
2004-10-13,KERRY,Dem,"Now, the President has never explained to America—ever; hasn't done it tonight— where does the transitional money, that $2 trillion, come from?"
2004-10-13,KERRY,Dem,"He's already got $3 trillion, according to the Washington Post, of expenses that he's put on the line from his convention and the promises of this campaign, none of which are paid for— not one of them are paid for."
2004-10-13,KERRY,Dem,The fact is that the President is driving the largest deficits in American history.
2004-10-13,KERRY,Dem,He's broken the pay-as-you-go rules.
2004-10-13,KERRY,Dem,I have a record of fighting for fiscal responsibility.
2004-10-13,KERRY,Dem,"In 1985, I was one of the first Democrats— broke with my party—we balanced the budget in the nineties."
2004-10-13,KERRY,Dem,We paid down the debt for 2 years.
2004-10-13,KERRY,Dem,And that's what we're going to do.
2004-10-13,KERRY,Dem,We're going to protect Social Security.
2004-10-13,KERRY,Dem,I will not privatize it.
2004-10-13,KERRY,Dem,I will not cut the benefits.
2004-10-13,KERRY,Dem,"And we're going to be fiscally responsible, and we will take care of Social Security."
2004-10-13,KERRY,Dem,Not at all.
2004-10-13,KERRY,Dem,"Absolutely not, Bob."
2004-10-13,KERRY,Dem,"This is the same thing we heard— I remember I appeared on ""Meet the Press"" with Tim Russert in 1990-something—we heard the same thing."
2004-10-13,KERRY,Dem,We fixed it.
2004-10-13,KERRY,Dem,"In fact, we put together a $5.6 trillion surplus in the nineties that was for the purpose of saving Social Security."
2004-10-13,KERRY,Dem,"If you take the tax cut that the President of the United States has given—President Bush gave to Americans in the top 1 percent of America, just that tax cut that went to the top 1 percent of America would have saved Social Security until the year 2075."
2004-10-13,KERRY,Dem,The President decided to give it to the wealthiest Americans in a tax cut.
2004-10-13,KERRY,Dem,"Now, Alan Greenspan, who I think has done a terrific job in monetary policy, supports the President's tax cut."
2004-10-13,KERRY,Dem,I don't.
2004-10-13,KERRY,Dem,"I support it for the middle class, not that part of it that goes to people earning more than $200,000 a year."
2004-10-13,KERRY,Dem,"And when I roll it back and we invest in the things that I've talked about to move our economy, we're going to grow sufficiently that we begin to cut the deficit in half, and we get back to where we were at the end of the 1990s when we balanced the budget and paid down the debt of this country."
2004-10-13,KERRY,Dem,"Now, we can do that."
2004-10-13,KERRY,Dem,"Now, if later on, after a period of time, we find that Social Security is in trouble, then we'll pull together the top experts of the country."
2004-10-13,KERRY,Dem,"We'll do exactly what we did in the 1990s, and we'll make whatever adjustment is necessary."
2004-10-13,KERRY,Dem,But the first and most important thing is to start creating jobs in America.
2004-10-13,KERRY,Dem,"The jobs the President is creating pay $9,000 less than the jobs that we're losing."
2004-10-13,KERRY,Dem,And this is the first President in 72 years to preside over an economy in America that has lost jobs—1.6 million jobs.
2004-10-13,KERRY,Dem,"Eleven other Presidents—six Democrats and five Republicans—had wars, had recessions, had great difficulties."
2004-10-13,KERRY,Dem,None of them lost jobs the way this President has.
2004-10-13,KERRY,Dem,I have a plan to put America back to work.
2004-10-13,KERRY,Dem,"And if we're fiscally responsible and put America back to work, we're going to fix Social Security."
2004-10-13,BUSH,Rep,He forgot to tell you he voted to tax Social Security benefits more than one time.
2004-10-13,BUSH,Rep,I didn't hear any plan to fix Social Security.
2004-10-13,BUSH,Rep,I heard more of the same.
2004-10-13,BUSH,Rep,He talks about middle-class tax cuts; that's exactly where the tax cuts went.
2004-10-13,BUSH,Rep,Most of the tax cuts went to low- and middle-income Americans.
2004-10-13,BUSH,Rep,And now the Tax Code is more fair; 20 percent of the upper income people pay about 80 percent of the taxes in America today because of how we structured the tax cuts.
2004-10-13,BUSH,Rep,People listening out there know the benefits of the tax cuts we passed.
2004-10-13,BUSH,Rep,"If you have a child, you got tax relief."
2004-10-13,BUSH,Rep,"If you're married, you got tax relief."
2004-10-13,BUSH,Rep,"If you pay any tax at all, you got tax relief, all of which was opposed by my opponent."
2004-10-13,BUSH,Rep,And the tax relief was important to spur consumption and investment to get us out of this recession.
2004-10-13,BUSH,Rep,"People need to remember, 6 months prior to my arrival, the stock market started to go down, and it was one of the largest declines in our history."
2004-10-13,BUSH,Rep,"And then we had a recession, and we got attacked, which cost us one million jobs."
2004-10-13,BUSH,Rep,But we acted.
2004-10-13,BUSH,Rep,I led the Congress.
2004-10-13,BUSH,Rep,We passed tax relief.
2004-10-13,BUSH,Rep,And now this economy is growing.
2004-10-13,BUSH,Rep,We added 1.9 million new jobs over the last 13 months.
2004-10-13,BUSH,Rep,"Sure, there's more work to do."
2004-10-13,BUSH,Rep,But the way to make sure our economy grows is not to raise taxes on small-business owners.
2004-10-13,BUSH,Rep,It's not to increase the scope of the Federal Government.
2004-10-13,BUSH,Rep,It's to make sure we have fiscal sanity and keep taxes low.
2004-10-13,BUSH,Rep,I see it as a serious problem.
2004-10-13,BUSH,Rep,I see it as a security issue; I see it as an economic issue; and I see it as a human rights issue.
2004-10-13,BUSH,Rep,We're increasing the border security of the United States.
2004-10-13,BUSH,Rep,"We've got 1,000 more Border Patrol agents on the southern border."
2004-10-13,BUSH,Rep,We're using new equipment.
2004-10-13,BUSH,Rep,"We're using unmanned vehicles to spot people coming across, and we'll continue to do so over the next 4 years."
2004-10-13,BUSH,Rep,This is a subject I'm very familiar with.
2004-10-13,BUSH,Rep,"After all, I was a border Governor for a while."
2004-10-13,BUSH,Rep,Many people are coming to this country for economic reasons.
2004-10-13,BUSH,Rep,They're coming here to work.
2004-10-13,BUSH,Rep,"If you can make 50 cents in the heart of Mexico, for example, or make $5 here in America—5.15—you're going to come here if you're worth your salt, if you want to put food on the table for your families."
2004-10-13,BUSH,Rep,And that's what's happening.
2004-10-13,BUSH,Rep,"And so, in order to take pressure off the border, in order to make the borders more secure, I believe there ought to be a temporary-worker card that allows a willing worker and a willing employer to mate up—so long as there's not an American willing to do the job—to join up in order to be able to fulfill the employer's needs."
2004-10-13,BUSH,Rep,That has the benefit of making sure our employers aren't breaking the law as they try to fill their workforce needs.
2004-10-13,BUSH,Rep,"It makes sure that the people coming across the border are humanely treated, that they're not kept in the shadows of our society, that they're able to go back and forth to see their families."
2004-10-13,BUSH,Rep,"See, the card will have a period of time attached to it."
2004-10-13,BUSH,Rep,It also means it takes pressure off the border.
2004-10-13,BUSH,Rep,"If somebody is coming here to work with a card, it means they're not going to have to sneak across the border."
2004-10-13,BUSH,Rep,It means our Border Patrol will be more likely to be able to focus on doing their job.
2004-10-13,BUSH,Rep,"Now, it's very important for our citizens to also know that I don't believe we ought to have amnesty."
2004-10-13,BUSH,Rep,I don't think we ought to reward illegal behavior.
2004-10-13,BUSH,Rep,"There are plenty of people standing in line to become a citizen, and we ought not to crowd these people ahead of them in line."
2004-10-13,BUSH,Rep,"If they want to become a citizen, they can stand in line too."
2004-10-13,BUSH,Rep,And here's where my opponent and I differ.
2004-10-13,BUSH,Rep,"In September 2003, he supported amnesty for illegal aliens."
2004-10-13,KERRY,Dem,"Let me just answer one part of that last question quickly, and then I'll come to immigration."
2004-10-13,KERRY,Dem,"The American middle-class family isn't making it right now, Bob, and what the President said about the tax cuts have been wiped out by the increase in health care, the increase in gasoline, the increase in tuitions, the increase in prescription drugs."
2004-10-13,KERRY,Dem,The fact is the take-home pay of a typical American family as a share of national income is lower than it's been since 1929.
2004-10-13,KERRY,Dem,And the take-home pay of the richest 1 percent of Americans is the highest it's been since 1928.
2004-10-13,KERRY,Dem,"Under President Bush, the middle class has seen their tax burden go up, and the wealthiest tax burden has gone down."
2004-10-13,KERRY,Dem,"Now, that's wrong."
2004-10-13,KERRY,Dem,"Now, with respect to immigration reform, the President broke his promise on immigration reform."
2004-10-13,KERRY,Dem,He said he would reform it.
2004-10-13,KERRY,Dem,"Four years later, he's now promising another plan."
2004-10-13,KERRY,Dem,Here's what I'll do.
2004-10-13,KERRY,Dem,"Number one, the borders are more leaking today than they were before 9/11."
2004-10-13,KERRY,Dem,"The fact is we haven't done what we need to do to toughen up our borders, and I will."
2004-10-13,KERRY,Dem,"Secondly, we need a guest-worker program, but if it's all we have, it's not going to solve the problem."
2004-10-13,KERRY,Dem,The second thing we need is to crack down on illegal hiring.
2004-10-13,KERRY,Dem,"It's against the law in the United States to hire people illegally, and we ought to be enforcing that law properly."
2004-10-13,KERRY,Dem,"And thirdly, we need an earned legalization program for people who've been here for a long time, stayed out of trouble, got a job, paid their taxes, and their kids are American."
2004-10-13,KERRY,Dem,"We've got to start moving them toward full citizenship, out of the shadows."
2004-10-13,BUSH,Rep,"Well, to say that the borders are not as protected as they were prior to September the 11th shows he doesn't know the borders."
2004-10-13,BUSH,Rep,They're much better protected today than they were when I was the Governor of Texas.
2004-10-13,BUSH,Rep,"We've got much more manpower, much more equipment there."
2004-10-13,BUSH,Rep,"He just doesn't understand how the borders work, evidently, to say that."
2004-10-13,BUSH,Rep,That is an outrageous claim.
2004-10-13,BUSH,Rep,And we'll continue to protect our borders.
2004-10-13,BUSH,Rep,We'll continue to increase manpower and equipment.
2004-10-13,KERRY,Dem,Four thousand people a day are coming across the border.
2004-10-13,KERRY,Dem,The fact is that we now have people from the Middle East—allegedly—coming across the border.
2004-10-13,KERRY,Dem,And we're not doing what we ought to do in terms of the technology.
2004-10-13,KERRY,Dem,We have iris identification technology.
2004-10-13,KERRY,Dem,"We have thumbprint, fingerprint technology today."
2004-10-13,KERRY,Dem,"We can know who the people are, that they're really the people they say they are, when they cross the border."
2004-10-13,KERRY,Dem,We could speed it up.
2004-10-13,KERRY,Dem,There are huge delays.
2004-10-13,KERRY,Dem,"The fact is, our borders are not as secure as they ought to be, and I'll make them secure."
2004-10-13,KERRY,Dem,"Well, I'm glad you raised that question."
2004-10-13,KERRY,Dem,It's long-overdue time to raise the minimum wage.
2004-10-13,KERRY,Dem,"And America, this is one of those issues that separates the President and myself."
2004-10-13,KERRY,Dem,We have fought to try to raise the minimum wage in the last years.
2004-10-13,KERRY,Dem,But the Republican leadership of the House and Senate won't even let us have a vote on it.
2004-10-13,KERRY,Dem,We're not allowed to vote on it.
2004-10-13,KERRY,Dem,They don't want to raise the minimum wage.
2004-10-13,KERRY,Dem,The minimum wage is the lowest minimum wage value it has been in our Nation in 50 years.
2004-10-13,KERRY,Dem,"If we raise the minimum wage, which I will do over several years to $7 an hour, 9.2 million women who are trying to raise their families would earn another $3,800 a year."
2004-10-13,KERRY,Dem,"The President has denied 9.2 million women $3,800 a year, but he doesn't hesitate to fight for $136,000 to a millionaire."
2004-10-13,KERRY,Dem,One percent of America got $89 billion last year in a tax cut.
2004-10-13,KERRY,Dem,"But people working hard, playing by the rules, trying to take care of their kids—family values that we're supposed to value so much in America—I'm tired of politicians who talk about family values and don't value families."
2004-10-13,KERRY,Dem,What we need to do is raise the minimum wage.
2004-10-13,KERRY,Dem,We also need to hold onto equal pay.
2004-10-13,KERRY,Dem,Women work for 76 cents on the dollar for the same work that men do.
2004-10-13,KERRY,Dem,That's not right in America.
2004-10-13,KERRY,Dem,And we have an initiative that we were working on to raise women's pay.
2004-10-13,KERRY,Dem,They've cut it off.
2004-10-13,KERRY,Dem,They've stopped it.
2004-10-13,KERRY,Dem,They don't enforce these kinds of things.
2004-10-13,KERRY,Dem,"I think that it is a matter of fundamental right that if we raise the minimum wage, 15 million Americans would be positively affected."
2004-10-13,KERRY,Dem,"We'd put money into the hands of people who work hard, who obey the rules, who play for the American Dream."
2004-10-13,KERRY,Dem,"And if we did that, we'd have more consumption ability in America, which is what we need right now in order to kick our economy into gear."
2004-10-13,KERRY,Dem,I will fight tooth and nail to pass the minimum wage.
2004-10-13,BUSH,Rep,"Actually, Mitch McConnell had a minimum wage plan that I supported that would have increased the minimum wage."
2004-10-13,BUSH,Rep,"But let me talk about what's really important for the worker you're referring to, and that's to make sure the education system works, is to make sure we raise standards."
2004-10-13,BUSH,Rep,"Listen, the No Child Left Behind Act is really a jobs act when you think about it."
2004-10-13,BUSH,Rep,"The No Child Left Behind Act says, ""We'll raise standards."
2004-10-13,BUSH,Rep,"We'll increase Federal spending, but in return for extra spending, we now want people to measure—States and local jurisdictions to measure, to show us whether or not a child can read or write or add and subtract."" You cannot solve a problem unless you diagnose the problem, and we weren't diagnosing problems."
2004-10-13,BUSH,Rep,"And therefore, just kids were being shuffled through the school."
2004-10-13,BUSH,Rep,And guess who would get shuffled through?
2004-10-13,BUSH,Rep,"Children whose parents wouldn't speak English as first language, just moved through; many inner-city kids, just moved through."
2004-10-13,BUSH,Rep,"We've stopped that practice now by measuring early, and when we find a problem, we spend extra money to correct it."
2004-10-13,BUSH,Rep,"I remember a lady in Houston, Texas, telling me reading is the new civil right."
2004-10-13,BUSH,Rep,And she's right.
2004-10-13,BUSH,Rep,"In order to make sure people have jobs for the 21st century, we've got to get it right in the education system."
2004-10-13,BUSH,Rep,And we're beginning to close a minority achievement gap now.
2004-10-13,BUSH,Rep,"You see, we'd never be able to compete in the 21st century unless we have an education system that doesn't quit on children, an education system that raises standards, an education that makes sure there's excellence in every classroom."
2004-10-13,BUSH,Rep,"What he's asking me is will I have a litmus test for my judges, and the answer is no, I will not have a litmus test."
2004-10-13,BUSH,Rep,"I will pick judges who will interpret the Constitution, but I'll have no litmus test."
2004-10-13,KERRY,Dem,"Is that a new question, or a 30-second question?"
2004-10-13,KERRY,Dem,Which time limit are we——
2004-10-13,KERRY,Dem,Thank you very much.
2004-10-13,KERRY,Dem,"Well, again, the President didn't answer the question."
2004-10-13,KERRY,Dem,I will answer it straight to America.
2004-10-13,KERRY,Dem,"I'm not going to appoint a judge to the court who is going to undo a constitutional right, whether it's the first amendment or the fifth amendment or some other right that's given under our courts today— under the Constitution."
2004-10-13,KERRY,Dem,And I believe that the right of choice is a constitutional right.
2004-10-13,KERRY,Dem,"So, I don't intend to see it undone."
2004-10-13,KERRY,Dem,"Clearly, the President wants to leave an ambivalence or intends to undo it."
2004-10-13,KERRY,Dem,Let me go a step further.
2004-10-13,KERRY,Dem,We have a long distance yet to travel in terms of fairness in America.
2004-10-13,KERRY,Dem,"I don't know how you can govern in this country when you look at New York City and you see that 50 percent of the black males there are unemployed, when you see 40 percent of Hispanic children, of black children in some cities dropping out of high school."
2004-10-13,KERRY,Dem,"And yet the President, who talks about No Child Left Behind, refused to fully fund—by $28 billion—that particular program, so you can make a difference in the lives of those young people."
2004-10-13,KERRY,Dem,"Now, right here in Arizona, that difference would have been $131 million to the State of Arizona to help its kids be able to have better education and to lift the property tax burden from its citizens."
2004-10-13,KERRY,Dem,The President reneged on his promise to fund No Child Left Behind.
2004-10-13,KERRY,Dem,"He will tell you he's raised the money, and he has, but he didn't put in what he promised."
2004-10-13,KERRY,Dem,And that makes a difference in the lives of our children.
2004-10-13,BUSH,Rep,"Two things: One, he clearly has a litmus test for his judges, which I disagree with."
2004-10-13,BUSH,Rep,"And secondly, only a liberal Senator from Massachusetts would say that a 49-percent increase in funding for education was not enough."
2004-10-13,BUSH,Rep,"We've increased funds, but more importantly, we've reformed the system to make sure that we solve problems early, before they're too late."
2004-10-13,BUSH,Rep,He talked about the unemployed.
2004-10-13,BUSH,Rep,"Absolutely, we've got to make sure they get educated."
2004-10-13,BUSH,Rep,He talked about children whose parents don't speak English as a first language.
2004-10-13,BUSH,Rep,"Absolutely, we've got to make sure they get educated."
2004-10-13,BUSH,Rep,And that's what the No Child Left Behind Act does.
2004-10-13,KERRY,Dem,You don't measure it by a percentage increase.
2004-10-13,KERRY,Dem,Mr.
2004-10-13,KERRY,Dem,"President, you measure it by whether you're getting the job done."
2004-10-13,KERRY,Dem,Five hundred thousand kids lost after-school programs because of your budget.
2004-10-13,KERRY,Dem,"Now, that's not in my gut."
2004-10-13,KERRY,Dem,"That's not my value system—and certainly not so that the wealthiest people in America can walk away with another tax cut: $89 billion last year to the top 1 percent of Americans, but kids lost their after-school programs."
2004-10-13,KERRY,Dem,You be the judge.
2004-10-13,KERRY,Dem,"Well, I think the fact that they're facing these repeated callups, some of them two and three deployments, and there's a stop-loss policy that prevents people from being able to get out when their time was up, is a reflection of the bad judgment this President exercised in how he has engaged in the world and deployed our forces."
2004-10-13,KERRY,Dem,Our military is overextended.
2004-10-13,KERRY,Dem,"Nine out of ten Active Duty Army divisions are either in Iraq, going to Iraq, or have come back from Iraq."
2004-10-13,KERRY,Dem,"One way or the other, they're wrapped up in it."
2004-10-13,KERRY,Dem,"Now, I've proposed adding two active-duty divisions to the Armed Forces of the United States, one combat, one support."
2004-10-13,KERRY,Dem,"In addition, I'm going to double the number of special forces so that we can fight a more effective war on terror with less pressure on the National Guard and Reserve."
2004-10-13,KERRY,Dem,And what I would like to do is see the National Guard and Reserve be deployed differently here in our own country.
2004-10-13,KERRY,Dem,There's much we can do with them with respect to homeland security.
2004-10-13,KERRY,Dem,"We ought to be doing that, and that would relieve an enormous amount of pressure."
2004-10-13,KERRY,Dem,"But the most important thing to relieve the pressure on all of our Armed Forces is, frankly, to run a foreign policy that recognizes that America is strongest when we are working with real alliances, when we are sharing the burdens of the world by working through our statesmanship at the highest levels and our diplomacy to bring other nations to our side."
2004-10-13,KERRY,Dem,I've said it before; I say it again: I believe the President broke faith with the American people in the way that he took this Nation to war.
2004-10-13,KERRY,Dem,He said he would work through the—a real alliance.
2004-10-13,KERRY,Dem,"He said in Cincinnati, ""We would plan carefully."
2004-10-13,KERRY,Dem,"We would take every precaution."" Well, we didn't, and the result is our forces today are overextended."
2004-10-13,KERRY,Dem,The fact is that he did not choose to go to war as a last resort.
2004-10-13,KERRY,Dem,"And America now is paying already 120 billion, up to 200 billion before we're finished and much more, probably, and that is the result of this President taking his eye off of Usama bin Laden."
2004-10-13,BUSH,Rep,"The best way to take the pressure off our troops is to succeed in Iraq, is to train Iraqis so they can do the hard work of democracy, is to give them a chance to defend their country, which is precisely what we're doing."
2004-10-13,BUSH,Rep,"We'll have 125,000 troops trained by the end of this year."
2004-10-13,BUSH,Rep,"I remember going on an airplane in Bangor, Maine, to say thanks to the Reservists and Guard that were headed overseas from Tennessee and North Carolina and Georgia."
2004-10-13,BUSH,Rep,Some of them had been there before.
2004-10-13,BUSH,Rep,"The people I talked to, the spirits were high."
2004-10-13,BUSH,Rep,They didn't view their service as a backdoor draft.
2004-10-13,BUSH,Rep,They view their service as an opportunity to serve their country.
2004-10-13,BUSH,Rep,"My opponent, the Senator, talks about foreign policy."
2004-10-13,BUSH,Rep,"In our first debate, he proposed America pass a ""global test."" In order to defend ourselves, we have to get international approval."
2004-10-13,BUSH,Rep,That's one of the major differences we have about defending our country.
2004-10-13,BUSH,Rep,I work with allies.
2004-10-13,BUSH,Rep,I work with friends.
2004-10-13,BUSH,Rep,We'll continue to build strong coalitions.
2004-10-13,BUSH,Rep,But I will never turn over our national security decisions to leaders of other countries.
2004-10-13,BUSH,Rep,We'll be resolute.
2004-10-13,BUSH,Rep,"We'll be strong, and we will wage a comprehensive war against the terrorists."
2004-10-13,KERRY,Dem,I have never suggested a test where we turn over our security to any nation.
2004-10-13,KERRY,Dem,"In fact, I've said the opposite."
2004-10-13,KERRY,Dem,I will never turn the security of the United States over to any nation.
2004-10-13,KERRY,Dem,No nation will ever have a veto over us.
2004-10-13,KERRY,Dem,But I think it makes sense—I think most Americans in their guts know that we ought to pass a sort of truth standard.
2004-10-13,KERRY,Dem,"That's how you gain legitimacy with your own countrypeople, and that's how you gain legitimacy in the world."
2004-10-13,KERRY,Dem,But I will never fail to protect the United States of America.
2004-10-13,BUSH,Rep,"In 1990, there was a vast coalition put together to run Saddam Hussein out of Kuwait."
2004-10-13,BUSH,Rep,"The international community, the international world, said this is the right thing to do."
2004-10-13,BUSH,Rep,"But when it came time to authorize the use of force on the Senate floor, my opponent voted against the use of force."
2004-10-13,BUSH,Rep,"Apparently, you can't pass any test under his vision of the world."
2004-10-13,BUSH,Rep,"Actually, I made my intentions—I made my views clear."
2004-10-13,BUSH,Rep,"I did think we ought to extend the assault weapons ban and was told the fact that the bill was never going to move because Republicans and Democrats were against the assault weapon ban, people of both parties."
2004-10-13,BUSH,Rep,"Now, I believe law-abiding citizens ought to be able to own a gun."
2004-10-13,BUSH,Rep,I believe in background checks at gun shows or anywhere to make sure that guns don't get in the hands of people that shouldn't have them.
2004-10-13,BUSH,Rep,But the best way to protect our citizens from guns is to prosecute those who commit crimes with guns.
2004-10-13,BUSH,Rep,"And that's why, early in my administration, I called the Attorney General and the U.S."
2004-10-13,BUSH,Rep,"attorneys and said, ""Put together a task force all around the country to prosecute those who commit crime with guns."" And the prosecutions are up by about 68 percent, I believe is the number."
2004-10-13,BUSH,Rep,Neighborhoods are safer when we crack down on people who commit crimes with guns.
2004-10-13,BUSH,Rep,"To me, that's the best way to secure America."
2004-10-13,KERRY,Dem,I believe it was a failure of Presidential leadership not to reauthorize the assault weapons ban.
2004-10-13,KERRY,Dem,I am a hunter.
2004-10-13,KERRY,Dem,I'm a gun owner.
2004-10-13,KERRY,Dem,"I've been a hunter since I was a kid, 12, 13 years old."
2004-10-13,KERRY,Dem,"And I respect the second amendment, and I will not tamper with the second amendment."
2004-10-13,KERRY,Dem,But I'll tell you this.
2004-10-13,KERRY,Dem,I'm also a former law enforcement officer.
2004-10-13,KERRY,Dem,"I ran one of the largest district attorney offices in America, one of the 10 largest."
2004-10-13,KERRY,Dem,I've put people behind bars for the rest of their life.
2004-10-13,KERRY,Dem,I've broken up organized crime.
2004-10-13,KERRY,Dem,I know something about prosecuting.
2004-10-13,KERRY,Dem,And most of the law enforcement agencies in America wanted that assault weapons ban.
2004-10-13,KERRY,Dem,They don't want to go into a drug bust and be facing an AK-47.
2004-10-13,KERRY,Dem,"I was hunting in Iowa last year with the sheriff from one of the counties there, and he pointed to a house in back of us and said, ""See that house over there?"
2004-10-13,KERRY,Dem,"We just did a drug bust a week earlier, and the guy we arrested had an AK-47 lying on the bed right beside him."" Because of the President's decision today, law enforcement officers will walk into a place that will be more dangerous."
2004-10-13,KERRY,Dem,"Terrorists can now come into America and go to a gun show and, without even a background check, buy an assault weapon today."
2004-10-13,KERRY,Dem,"And that's what Usama bin Laden's handbook said, because we captured it in Afghanistan, and it encouraged them to do it."
2004-10-13,KERRY,Dem,So I believe America is less safe.
2004-10-13,KERRY,Dem,"If Tom DeLay or someone in the House said to me, ""Sorry, we don't have the votes,"" I'd have said, ""Then we're going to have a fight."" And I'd have taken it out to the country, and I'd have had every law enforcement officer in the country visit those Congressmen."
2004-10-13,KERRY,Dem,We'd have won what Bill Clinton won.
2004-10-13,KERRY,Dem,"No, Bob, regrettably, we have not moved far enough along."
2004-10-13,KERRY,Dem,And I regret to say that this administration has even blocked steps that could help us move further along.
2004-10-13,KERRY,Dem,I'll give you an example.
2004-10-13,KERRY,Dem,I'm the—I served on the Small Business Committee for a long time.
2004-10-13,KERRY,Dem,I was chairman of it once; now I'm the senior Democrat on it.
2004-10-13,KERRY,Dem,We used to—we have a goal there for minority set-aside programs to try to encourage ownership in the country.
2004-10-13,KERRY,Dem,They don't reach those goals.
2004-10-13,KERRY,Dem,They don't even fight to reach those goals.
2004-10-13,KERRY,Dem,They've tried to undo them.
2004-10-13,KERRY,Dem,"The fact is that in too many parts of our country, we still have discrimination, and affirmative action is not just something that applies to people of color."
2004-10-13,KERRY,Dem,Some people have a mistaken view of it in America.
2004-10-13,KERRY,Dem,It also is with respect to women.
2004-10-13,KERRY,Dem,It's with respect to other efforts to try to reach out and be inclusive in our country.
2004-10-13,KERRY,Dem,"I think that we have a long way to go, regrettably."
2004-10-13,KERRY,Dem,"If you look at what's happened, we've made progress; I want to say that at the same time."
2004-10-13,KERRY,Dem,"During the Clinton years, as you may recall, there was a fight over affirmative action."
2004-10-13,KERRY,Dem,"And there were many people, like myself, who opposed quotas, who felt there were places where it was overreaching."
2004-10-13,KERRY,Dem,"So we had a policy called ""mend it, don't end it."" We fixed it."
2004-10-13,KERRY,Dem,"And we fixed it for a reason, because there are too many people still in this country who feel the stark resistance of racism."
2004-10-13,KERRY,Dem,And so we have a distance to travel.
2004-10-13,KERRY,Dem,"As President, I will make certain we travel it."
2004-10-13,KERRY,Dem,"Now, let me just share something."
2004-10-13,KERRY,Dem,"This President is the first President ever, I think, not to meet with the NAACP."
2004-10-13,KERRY,Dem,This is a President who hasn't met with the Black Congressional Caucus.
2004-10-13,KERRY,Dem,This is a President who has not met with the civil rights leadership of our country.
2004-10-13,KERRY,Dem,"If a President doesn't reach out and bring people in and be inclusive, then how are we going to get over those barriers?"
2004-10-13,KERRY,Dem,"I see that as part of my job as President, and I'll make my best effort to do it."
2004-10-13,BUSH,Rep,"Well, first of all, it is just not true that I haven't met with the Black Congressional Caucus."
2004-10-13,BUSH,Rep,I met with the Black Congressional Caucus at the White House.
2004-10-13,BUSH,Rep,"And secondly, like my opponent, I don't agree we ought to have quotas—I agree, we shouldn't have quotas."
2004-10-13,BUSH,Rep,"But we ought to have an aggressive effort to make sure people are educated, to make sure when they get out of high school there's Pell grants available for them, which is what we've done."
2004-10-13,BUSH,Rep,We've expanded Pell grants by a million students.
2004-10-13,BUSH,Rep,"Do you realize, today in America, we spend $73 billion to help 10 million low- and middle-income families better afford college?"
2004-10-13,BUSH,Rep,"That's the access I believe is necessary, is to make sure every child learns to read, write, add, and subtract early, to be able to build on that education by going to college so they can start their careers with a college diploma."
2004-10-13,BUSH,Rep,"I believe the best way to help our small businesses is not only through small-business loans, which we have increased since I've been the President of the United States, but to unbundle Government contracts so people will have a chance to be able to bid and receive a contract to help get their business going."
2004-10-13,BUSH,Rep,Minority ownership of businesses are up because we created an environment for the entrepreneurial spirit to be strong.
2004-10-13,BUSH,Rep,I think—I believe part of a hopeful society is one in which somebody owns something.
2004-10-13,BUSH,Rep,Today in America more minorities own a home than ever before.
2004-10-13,BUSH,Rep,"And that's hopeful, and that's positive."
2004-10-13,BUSH,Rep,"First, my faith plays a lot—a big part in my life."
2004-10-13,BUSH,Rep,"And that's— when I was answering that question, what I was really saying to the person was that I pray a lot, and I do."
2004-10-13,BUSH,Rep,And my faith is a very—it's very personal.
2004-10-13,BUSH,Rep,I pray for strength.
2004-10-13,BUSH,Rep,I pray for wisdom.
2004-10-13,BUSH,Rep,I pray for our troops in harm's way.
2004-10-13,BUSH,Rep,I pray for my family.
2004-10-13,BUSH,Rep,I pray for my little girls.
2004-10-13,BUSH,Rep,"But I'm mindful, in a free society, that people can worship if they want to or not."
2004-10-13,BUSH,Rep,You're equally an American if you choose to worship an Almighty and if you choose not to.
2004-10-13,BUSH,Rep,"If you're a Christian, Jew, or Muslim, you're equally an American."
2004-10-13,BUSH,Rep,"That's the great thing about America, is the right to worship the way you see fit."
2004-10-13,BUSH,Rep,Prayer and religion sustain me.
2004-10-13,BUSH,Rep,I've received calmness in the storms of the Presidency.
2004-10-13,BUSH,Rep,I love the fact that people pray for me and my family all around the country.
2004-10-13,BUSH,Rep,"Somebody asked me one time, ""Well, how do you know?"" I said, ""I just feel it."" Religion is an important part."
2004-10-13,BUSH,Rep,"I never want to impose my religion on anybody else, but when I make decisions, I stand on principle."
2004-10-13,BUSH,Rep,And the principles are derived from who I am.
2004-10-13,BUSH,Rep,I believe we ought to love our neighbor like we love ourself.
2004-10-13,BUSH,Rep,"That's manifested in public policy through the Faith-Based Initiative, where we've unleashed the armies of compassion to help seal—heal people who hurt."
2004-10-13,BUSH,Rep,I believe that God wants everybody to be free.
2004-10-13,BUSH,Rep,That's what I believe.
2004-10-13,BUSH,Rep,And that's part of my foreign policy.
2004-10-13,BUSH,Rep,"In Afghanistan, I believe that the freedom there is a gift from the Almighty, and I can't tell you how encouraged I am to see freedom on the march."
2004-10-13,BUSH,Rep,"And so my principles that I make decisions on are a part of me, and religion is a part of me."
2004-10-13,KERRY,Dem,"Well, I respect everything that the President has said, and certainly I respect his faith."
2004-10-13,KERRY,Dem,"I think it's important, and I share it."
2004-10-13,KERRY,Dem,I think that he just said that freedom is a gift from the Almighty.
2004-10-13,KERRY,Dem,Everything is a gift from the Almighty.
2004-10-13,KERRY,Dem,"And as I measure the words of the Bible—and we all do; different people measure different things, the Koran, the Torah, or— Native Americans who gave me a blessing the other day had their own special sense of connectedness to a higher being, and people all find their ways to express it."
2004-10-13,KERRY,Dem,"I was taught—I went to a church school, and I was taught that the two greatest commandments are ""Love the Lord, your God, with all your mind, your body, and your soul"" and ""Love your neighbor as yourself."" And frankly, I think we have a lot more loving of our neighbor to do in this country and on this planet."
2004-10-13,KERRY,Dem,We have a separate and unequal school system in the United States of America.
2004-10-13,KERRY,Dem,"There's one for the people who have, and there's one for the people who don't have."
2004-10-13,KERRY,Dem,And we're struggling with that today.
2004-10-13,KERRY,Dem,The President and I have a difference of opinion about how we live out our sense of our faith.
2004-10-13,KERRY,Dem,I talked about it earlier when I talked about the works and faith without works being dead.
2004-10-13,KERRY,Dem,I think we've got a lot more work to do.
2004-10-13,KERRY,Dem,"And as President, I will always respect everybody's right to practice religion as they choose or not to practice, because that's part of America."
2004-10-13,KERRY,Dem,"Well, very much so."
2004-10-13,KERRY,Dem,"Let me pay a compliment to the President, if I may."
2004-10-13,KERRY,Dem,"I think in those days after 9/11, I thought the President did a terrific job."
2004-10-13,KERRY,Dem,And I really was moved as well as impressed by the speech that he gave to the Congress.
2004-10-13,KERRY,Dem,"And I think the hug Tom Daschle gave him at that moment was about as genuine a sense of there being no Democrats, no Republicans; we were all just Americans."
2004-10-13,KERRY,Dem,That's where we were.
2004-10-13,KERRY,Dem,That's not where we are today.
2004-10-13,KERRY,Dem,"I regret to say that the President, who called himself a uniter, not a divider, is now presiding over the most divided America in the recent memory of our country."
2004-10-13,KERRY,Dem,I've never seen such ideological squabbles in the Congress of the United States.
2004-10-13,KERRY,Dem,I've never seen members of a party locked out of meetings the way they're locked out today.
2004-10-13,KERRY,Dem,"We have to change that, and as President, I am committed to changing that."
2004-10-13,KERRY,Dem,I don't care if the idea comes from the other side or this side.
2004-10-13,KERRY,Dem,I think we have to come together and work to change it.
2004-10-13,KERRY,Dem,And I've done that.
2004-10-13,KERRY,Dem,"Over 20 years in the United States Senate, I've worked with John McCain, who's sitting here."
2004-10-13,KERRY,Dem,I've worked with other colleagues.
2004-10-13,KERRY,Dem,I've reached across the aisle.
2004-10-13,KERRY,Dem,"I've tried to find the common ground, because that's what makes us strong as Americans."
2004-10-13,KERRY,Dem,"And if Americans trust me with the Presidency, I can pledge to you, we will have the most significant effort—openly, not secret meetings in the White House with special interests, not ideologically driven efforts to push people aside, but a genuine effort to try to restore America's hope and possibilities by bringing people together."
2004-10-13,KERRY,Dem,"And one of the ways we're going to do it is, I'm going to work with my friend John McCain to further campaign finance reform so we get these incredible amounts of money out of the system and open it up to average people so America is really represented by the people who make up America."
2004-10-13,BUSH,Rep,My biggest disappointment in Washington is how partisan the town is.
2004-10-13,BUSH,Rep,"I had a record of working with Republicans and Democrats as the Governor of Texas, and I was hopeful to be able to do the same thing."
2004-10-13,BUSH,Rep,And we made good progress early on.
2004-10-13,BUSH,Rep,"The No Child Left Behind Act, incredibly enough, was good work between me and my administration and people like Senator Ted Kennedy."
2004-10-13,BUSH,Rep,And we worked together with Democrats to relieve the tax burden on the middle class and all who pay taxes in order to make sure this economy continues to grow.
2004-10-13,BUSH,Rep,"But Washington is a tough town, and the way I view it is there's a lot of entrenched special interests there, people who are on one side of the issue or another, and they spend enormous sums of money, and they convince different Senators to tout their way or different Congressmen to talk about their issue, and they dig in."
2004-10-13,BUSH,Rep,I'll continue in the 4 years to continue to try to work to do so.
2004-10-13,BUSH,Rep,My opponent said this is a bitterly divided time.
2004-10-13,BUSH,Rep,It was pretty divided in the 2000 election.
2004-10-13,BUSH,Rep,"So, in other words, it's pretty divided during the 1990s as well."
2004-10-13,BUSH,Rep,"We're just in a period, and we've got to work to bring it out."
2004-10-13,BUSH,Rep,"My opponent keeps mentioning John McCain, and I'm glad he did."
2004-10-13,BUSH,Rep,"John McCain is for me for President because he understands I have the right view in winning the war on terror and that my plan will succeed in Iraq, and my opponent has got a plan of retreat and defeat in Iraq."
2004-10-13,BUSH,Rep,To listen to them— —to stand up straight and not scowl.
2004-10-13,BUSH,Rep,I love the strong women around me.
2004-10-13,BUSH,Rep,I can't tell you how much I love my wife and our daughters.
2004-10-13,BUSH,Rep,"I am— you know, it's really interesting, I tell the people on the campaign trail, when I asked Laura to marry me, she said, ""Fine, just so long as I never have to give a speech."" I said, ""Okay, you got a deal."" Fortunately, she didn't hold me to that deal, and she's out campaigning, along with our girls, and she speaks English a lot better than I do."
2004-10-13,BUSH,Rep,I think people understand what she's saying.
2004-10-13,BUSH,Rep,"But they see a compassionate, strong, great First Lady in Laura Bush."
2004-10-13,BUSH,Rep,"I can't tell you how lucky I am when I met her in the backyard at Joe and Jan O'Neill in Midland, Texas."
2004-10-13,BUSH,Rep,It was the classic backyard barbecue.
2004-10-13,BUSH,Rep,"O'Neill said, ""Come on over."
2004-10-13,BUSH,Rep,"I think you'll find somebody who might interest you."" So I said, ""All right,"" popped over there."
2004-10-13,BUSH,Rep,"There was only four of us there, and not only did she interest me, I guess you could say it was love at first sight."
2004-10-13,KERRY,Dem,"Well, I guess the President and you and I are three examples of lucky people who married up."
2004-10-13,KERRY,Dem,And some would say maybe me more so than others.
2004-10-13,KERRY,Dem,But I can take it.
2004-10-13,KERRY,Dem,"Can I say, if I could just say a word about a woman that you didn't ask about, but my mom passed away a couple years ago, just before I was deciding to run."
2004-10-13,KERRY,Dem,"And she was in the hospital, and I went in to talk to her and tell her what I was thinking of doing."
2004-10-13,KERRY,Dem,"And she looked at me from her hospital bed, and she just looked at me, and she said, ""Remember, integrity, integrity, integrity."" Those are the three words that she left me with."
2004-10-13,KERRY,Dem,"And my daughters and my wife are people who just are filled with that sense of what's right, what's wrong."
2004-10-13,KERRY,Dem,They also kick me around.
2004-10-13,KERRY,Dem,They keep me honest.
2004-10-13,KERRY,Dem,They don't let me get away with anything.
2004-10-13,KERRY,Dem,I can sometimes take myself too seriously.
2004-10-13,KERRY,Dem,They surely don't let me do that.
2004-10-13,KERRY,Dem,"And I'm blessed, as I think the President is blessed."
2004-10-13,KERRY,Dem,"As I said last time, I've watched him with the First Lady, who I admire a great deal, and his daughters—he's a great father."
2004-10-13,KERRY,Dem,And I think we're both very lucky.
2004-10-13,KERRY,Dem,"My fellow Americans, as you heard from Bob Schieffer a moment ago, America is being tested by division."
2004-10-13,KERRY,Dem,"More than ever, we need to be united as a country."
2004-10-13,KERRY,Dem,"And like Franklin Roosevelt, I don't care whether an idea is a Republican idea or a Democrat idea."
2004-10-13,KERRY,Dem,I just care whether it works for America and whether it's going to make us stronger.
2004-10-13,KERRY,Dem,These are dangerous times.
2004-10-13,KERRY,Dem,"I believe I offer tested, strong leadership that can calm the waters of a troubled world."
2004-10-13,KERRY,Dem,"And I believe that we can, together, do things that are within the grasp of Americans."
2004-10-13,KERRY,Dem,We can lift our schools up.
2004-10-13,KERRY,Dem,We can create jobs that pay more than the jobs we're losing overseas.
2004-10-13,KERRY,Dem,We can have health care for all Americans.
2004-10-13,KERRY,Dem,We can further the cause of equality in our Nation.
2004-10-13,KERRY,Dem,Let me just make it clear: I will never allow any country to have a veto over our security.
2004-10-13,KERRY,Dem,"Just as I fought for our country as a young man, with the same passion I will fight to defend this Nation that I love."
2004-10-13,KERRY,Dem,"And with faith in God and with conviction in the mission of America, I believe that we can reach higher."
2004-10-13,KERRY,Dem,I believe we can do better.
2004-10-13,KERRY,Dem,"I think the greatest possibilities of our country, our dreams and our hopes, are out there just waiting for us to grab onto them."
2004-10-13,KERRY,Dem,And I ask you to embark on that journey with me.
2004-10-13,KERRY,Dem,I ask you for your trust.
2004-10-13,KERRY,Dem,I ask you for your help.
2004-10-13,KERRY,Dem,"I ask you to allow me the privilege of leading this great Nation of ours, of helping us to be stronger here at home and to be respected again in the world and, most of all, to be safer forever."
2004-10-13,KERRY,Dem,Thank you.
2004-10-13,KERRY,Dem,"Good night, and God bless the United States of America."
2004-10-13,BUSH,Rep,"In the Oval Office, there's a painting by a friend of Laura and mine named—by Tom Lea."
2004-10-13,BUSH,Rep,"It's a west Texas painting, a painting of a mountain scene."
2004-10-13,BUSH,Rep,"And he said this about it, he said, ""Sarah and I live on the east side of the mountain."
2004-10-13,BUSH,Rep,"It's the sunrise side, not the sunset side."
2004-10-13,BUSH,Rep,"It's the side to see the day that is coming, not to see the day that is gone."" I love the optimism in that painting because that's how I feel about America."
2004-10-13,BUSH,Rep,"You know, we've been through a lot together during the last 3 3/4 years."
2004-10-13,BUSH,Rep,"We've come through a recession, a stock market decline, an attack on our country."
2004-10-13,BUSH,Rep,"And yet, because of the hard work of the American people and good policies, this economy is growing."
2004-10-13,BUSH,Rep,"Over the next 4 years, we'll make sure the economy continues to grow."
2004-10-13,BUSH,Rep,"We reformed our school system, and now there's an achievement gap in America that is beginning to close."
2004-10-13,BUSH,Rep,"Over the next 4 years, we'll continue to insist on excellence in every classroom in America so that our children have a chance to realize the great promise of America."
2004-10-13,BUSH,Rep,"Over the next 4 years, we'll continue to work to make sure health care is available and affordable."
2004-10-13,BUSH,Rep,"Over the next 4 years, we'll continue to rally the armies of compassion to help heal the hurt that exists in some of our country's neighborhoods."
2004-10-13,BUSH,Rep,"I'm optimistic that we'll win the war on terror, but I understand it requires firm resolve and clear purpose."
2004-10-13,BUSH,Rep,We must never waver in the face of this enemy that—these ideologues of hate.
2004-10-13,BUSH,Rep,"And as we pursue the enemy wherever it exists, we'll also spread freedom and liberty."
2004-10-13,BUSH,Rep,"We've got great faith in the ability of liberty to transform societies, to convert hostile—a hostile world to a peaceful world."
2004-10-13,BUSH,Rep,"My hope for America is a prosperous America, a hopeful America, and a safer world."
2004-10-13,BUSH,Rep,I want to thank you for listening tonight.
2004-10-13,BUSH,Rep,I'm asking for your vote.
2004-10-13,BUSH,Rep,God bless you.
